dataset_label,dataset_index,source_labels,stage1_indices,representative_label,representative_item_index,select_reason,article_id,qrynewstype,publish_variant,date,issue_page,special_column,era_year,chinese_era_year,japanese_era_year,category,theme,collect_error,collision,collision_columns,h1,lv1_div,content_box2,analysis_text,analysis_text_rules
constitutional,1,zhixian,39957,zhixian,4200,7_small_index,A2012120747155,SP,申報,1872-08-20,05,,清同治11年 日明治5年,清同治11年,日明治5年,,,,F,,蘇省撫轅事宜,本報訊,十二日候選知縣白方泉辭囘鎭江下游厘局江藩憲牌示江浦縣員缺以大挑知縣齊鈐署理首府李請假二天○十三日知府楊靖禀知丁母憂又田祚謝八年海運保舉加三品銜同知施江措資囘並聞訃丁母憂坐補泰興縣張興詩銷同里厘局差知縣張衍疇奉委胥門盤查差又蘇升紀辭赴金陵見制憲又徐炳奎銷巡查差又李振欽歌奉委盤門水開盤查差訓導龔源達辭囘松江咨補吳縣縣丞許樹椅謝飭知赴任,蘇省撫轅事宜 十二日候選知縣白方泉辭囘鎭江下游厘局江藩憲牌示江浦縣員缺以大挑知縣齊鈐署理首府李請假二天○十三日知府楊靖禀知丁母憂又田祚謝八年海運保舉加三品銜同知施江措資囘並聞訃丁母憂坐補泰興縣張興詩銷同里厘局差知縣張衍疇奉委胥門盤查差又蘇升紀辭赴金陵見制憲又徐炳奎銷巡查差又李振欽歌奉委盤門水開盤查差訓導龔源達辭囘松江咨補吳縣縣丞許樹椅謝飭知赴任,2_drop_benbaoxun
constitutional,2,zhixian,39956,zhixian,4199,7_small_index,A2014050000140,SP,申報,1872-08-31,04,,清同治11年 日明治5年,清同治11年,日明治5年,,,,F,,蘇省撫轅事宜,本報訊,二十三日首府李請假一天 選授蘇太湖同知聶賡墀辭赴江寗見 制憲 同知徐承烜常熟騐收工程囘 委署震澤縣李慶雲辭赴任 知縣周光 七寶 又張葆濬閔行均 查塘工石料運竣囘 又陸嗣齡江寗見制憲囘 直州同陶甄海運津局囘並謝准補太倉州州同缺 從九孫廷枚奉委充當 學院文廵捕辭 分蘇試用從九羅志仁稟到 委署吳江同里司姚宗麟 金山縣與史陳儒修均辭赴任 丹陽呂城司張芳桐謝委,蘇省撫轅事宜 二十三日首府李請假一天 選授蘇太湖同知聶賡墀辭赴江寗見 制憲 同知徐承烜常熟騐收工程囘 委署震澤縣李慶雲辭赴任 知縣周光 七寶 又張葆濬閔行均 查塘工石料運竣囘 又陸嗣齡江寗見制憲囘 直州同陶甄海運津局囘並謝准補太倉州州同缺 從九孫廷枚奉委充當 學院文廵捕辭 分蘇試用從九羅志仁稟到 委署吳江同里司姚宗麟 金山縣與史陳儒修均辭赴任 丹陽呂城司張芳桐謝委,2_drop_benbaoxun
constitutional,3,zhixian,39955,zhixian,4198,7_small_index,A2013010336651,SP,申報,1872-09-02,05,,清同治11年 日明治5年,清同治11年,日明治5年,,,,F,,蘇省轅撫事宜,本報訊,二十四日同知蒯光烈同里厘局來辭准補吳縣葛兆堂金陵見制憲囘知縣何錫之辭囘上海又劉步瀛辭赴吳淞江工次又于椿齡江北措資囘又周裕请假赴寗見制憲又謝延庚王椿蔭張景良均奉文甄別考試吳縣縣丞許樹椅辭赴任縣丞馮肯堂泰興查案囘,蘇省轅撫事宜 二十四日同知蒯光烈同里厘局來辭准補吳縣葛兆堂金陵見制憲囘知縣何錫之辭囘上海又劉步瀛辭赴吳淞江工次又于椿齡江北措資囘又周裕请假赴寗見制憲又謝延庚王椿蔭張景良均奉文甄別考試吳縣縣丞許樹椅辭赴任縣丞馮肯堂泰興查案囘,2_drop_benbaoxun
constitutional,4,zhixian,39953,zhixian,4196,7_small_index,A2013010337414,SP,申報,1872-09-24,02,,清同治11年 日明治5年,清同治11年,日明治5年,,,,F,,猪仔遇救,本報訊,昨錄陳司馬之往東洋聞是奉道憲之命前赴查審馬利亞船所載廣東賣出外洋之傭工人今聞先因兩江督憲知有此事卽飭上海道臺派委官員速赴查究該出洋傭工人是否有拐騙等事且札飭此事不可省嗇資費宜將該船上一切人等悉數招徠上海逐一細查各種情節併根究各拐騙之姓名住址以便行文至廣東嚴行訪察搜拿惟現署両江督憲係藉隸廣東大凡粤人俱痛惡賣人出洋傭工之習今制憲此舉必欲使粤省移風易俗力將惡棍盡法懲治以重民命而除積弊聞此船係被大風吹至犬坂者及今當乘此會確究其中情弊則頹風可挽猶百姓不幸中之幸歟,猪仔遇救 昨錄陳司馬之往東洋聞是奉道憲之命前赴查審馬利亞船所載廣東賣出外洋之傭工人今聞先因兩江督憲知有此事卽飭上海道臺派委官員速赴查究該出洋傭工人是否有拐騙等事且札飭此事不可省嗇資費宜將該船上一切人等悉數招徠上海逐一細查各種情節併根究各拐騙之姓名住址以便行文至廣東嚴行訪察搜拿惟現署両江督憲係藉隸廣東大凡粤人俱痛惡賣人出洋傭工之習今制憲此舉必欲使粤省移風易俗力將惡棍盡法懲治以重民命而除積弊聞此船係被大風吹至犬坂者及今當乘此會確究其中情弊則頹風可挽猶百姓不幸中之幸歟,2_drop_benbaoxun
constitutional,5,zhixian,39954,zhixian,4197,7_small_index,A2013010337425,SP,申報,1872-09-24,05,,清同治11年 日明治5年,清同治11年,日明治5年,,,,F,,蘇省撫轅日報,本報訊,江寗牌示興化縣缺以請補之黃際淸豐縣缺以請補之古熹光先行署理十九日知府錢卿鉌辭囘昭文塘工松川沙同知陳辭同知張景芝辭囘常昭直州徐先路辭囘江陰又翁鳳翔盛澤厘卡知縣許子春辭赴昭文公幹縣丞孫榮壽奉糧道委守提常鎮兩屬册辭從九于福皆缷署太倉七浦司囘前閩浙制憲張於二十一日遊常熟虞山二十日崑山縣傳辭華亭縣張婁縣汪靑浦縣黎嘉定縣曾均到知縣周孚裕金陵見制憲囘縣丞史悠晋銷西南一叚巡查差從九史九成缷署昭文白苑司事囘知府江鴻解餉赴南京囘知縣周履祥奉飭甄別以繁缺補用由滬來試用復設訓導王兆樑吳江籍來府經歴鄧宗福缷署鎮江府知事囘府照磨袁海山常州來卽辭赴上海公幹縣丞馮樹勳缷署松江府知事並代理經歴事囘謝飭知准補武進縣丞缺典史態瑔銷華亭塘工差分蘇試用巡檢陳家模浙江人禀到,蘇省撫轅日報 江寗牌示興化縣缺以請補之黃際淸豐縣缺以請補之古熹光先行署理十九日知府錢卿鉌辭囘昭文塘工松川沙同知陳辭同知張景芝辭囘常昭直州徐先路辭囘江陰又翁鳳翔盛澤厘卡知縣許子春辭赴昭文公幹縣丞孫榮壽奉糧道委守提常鎮兩屬册辭從九于福皆缷署太倉七浦司囘前閩浙制憲張於二十一日遊常熟虞山二十日崑山縣傳辭華亭縣張婁縣汪靑浦縣黎嘉定縣曾均到知縣周孚裕金陵見制憲囘縣丞史悠晋銷西南一叚巡查差從九史九成缷署昭文白苑司事囘知府江鴻解餉赴南京囘知縣周履祥奉飭甄別以繁缺補用由滬來試用復設訓導王兆樑吳江籍來府經歴鄧宗福缷署鎮江府知事囘府照磨袁海山常州來卽辭赴上海公幹縣丞馮樹勳缷署松江府知事並代理經歴事囘謝飭知准補武進縣丞缺典史態瑔銷華亭塘工差分蘇試用巡檢陳家模浙江人禀到,2_drop_benbaoxun
constitutional,6,zhixian,39952,zhixian,4195,7_small_index,A2013010337647,SP,申報,1872-10-01,05,,清同治11年 日明治5年,清同治11年,日明治5年,,,,F,,蘇省撫轅日報,本報訊,二十六日前閩浙制憲張於二十五日游常熟虞山囘常鎮道李辭行知府崔繩祖江陰公幹囘又時乃風辭囘閔行吳縣高銷假太湖同知朱昭文縣孫均到南匯縣羅金壇縣汪均辭直州張振陛卸署丹陽縣事囘又吳葆俊奉飭知勞績拔署州縣一次通判錢慶琳辭囘上海知縣溫粹之謝委署金山縣事又許子春昭文公幹囘王恩錫辭回車坊聞得憲應於二十七日赴江震勘河工,蘇省撫轅日報 二十六日前閩浙制憲張於二十五日游常熟虞山囘常鎮道李辭行知府崔繩祖江陰公幹囘又時乃風辭囘閔行吳縣高銷假太湖同知朱昭文縣孫均到南匯縣羅金壇縣汪均辭直州張振陛卸署丹陽縣事囘又吳葆俊奉飭知勞績拔署州縣一次通判錢慶琳辭囘上海知縣溫粹之謝委署金山縣事又許子春昭文公幹囘王恩錫辭回車坊聞得憲應於二十七日赴江震勘河工,2_drop_benbaoxun
constitutional,7,zhixian,39951,zhixian,4194,7_small_index,A2013010337847,SP,申報,1872-10-07,05,,清同治11年 日明治5年,清同治11年,日明治5年,,,,F,,蘇省撫轅日報,本報訊,初二日分發江蘇補用道劉秉厚知府陳大誥均山東人由京來到又黎福保辭赴金陵見制憲同知吳道南奉委長元吳江震太湖等處查勘田畝差又高五雲宿遷提案囘知州杜文溥上海來上海縣葉到知縣桂正華靖江厘局來又楊鑑奉委赴鎭屬會勘田畝差又吳光清辭赴江震工次縣丞方廷鴻禀蒙以織署工程案内給予優差二次謝又朱澄元長吳等縣提奏銷准册囘准補吳縣典史沈鴻勛禀知接印從九宋維璋交署吳縣典史事牌示九月初五日換戴暖帽新任閩浙制憲李由京來任,蘇省撫轅日報 初二日分發江蘇補用道劉秉厚知府陳大誥均山東人由京來到又黎福保辭赴金陵見制憲同知吳道南奉委長元吳江震太湖等處查勘田畝差又高五雲宿遷提案囘知州杜文溥上海來上海縣葉到知縣桂正華靖江厘局來又楊鑑奉委赴鎭屬會勘田畝差又吳光清辭赴江震工次縣丞方廷鴻禀蒙以織署工程案内給予優差二次謝又朱澄元長吳等縣提奏銷准册囘准補吳縣典史沈鴻勛禀知接印從九宋維璋交署吳縣典史事牌示九月初五日換戴暖帽新任閩浙制憲李由京來任,2_drop_benbaoxun
constitutional,8,zhixian,39950,zhixian,4193,7_small_index,A2013010337888,SP,申報,1872-10-08,05,,清同治11年 日明治5年,清同治11年,日明治5年,,,,F,,蘇省撫轅日報,本報訊,二十九日直隸州善多上海來山西候補直隸州周天麟辭回山西正任崇明縣曹文煥辭赴金陵見制憲分缺間前補用縣丞趙爾樾南京來藩轅牌示於初六初七兩日考試臬憲應江震勘河工囘九月初一日行香文廟撫憲文昌太陽臬憲火神候補賈道風龍神首府武廟藩憲天后風雲雷雨候補江道劉猛將總捕呂祖管糧都廟長洲郡廟元和都土地吳縣甘泉縣以知縣馮譽騏署理九月初一日直州丁驤瀏河厘局來昭文縣孫奉賢縣王丹陽縣趙均辭知縣何紹章謝委署丹徒縣事並銷减賦全書輿局差又劉步瀛辭囘吳松江工次又勞承慶常昭內河厘局來代理府知廳俞世球蒙以織署工程案內給予優差二次禀謝府經余志仁解餉赴金陵囘奔牛司陳大梁交卸囘並謝調補太湖東山司禀知到任縣丞吳巽權解絲捐塘工經費囘又何霽光典史夏振嗣均辭囘上海縣丞孫炳奎銷洞庭絲捐差典史李椿壽銷蘇城捐絲差六品頂戴指蘇儘先補用主簿高道榮安徽人禀到蘇松太道沈於九月初九日壽辰候補府許大綬之老太太姚氏於九月十二日八旬壽辰,蘇省撫轅日報 二十九日直隸州善多上海來山西候補直隸州周天麟辭回山西正任崇明縣曹文煥辭赴金陵見制憲分缺間前補用縣丞趙爾樾南京來藩轅牌示於初六初七兩日考試臬憲應江震勘河工囘九月初一日行香文廟撫憲文昌太陽臬憲火神候補賈道風龍神首府武廟藩憲天后風雲雷雨候補江道劉猛將總捕呂祖管糧都廟長洲郡廟元和都土地吳縣甘泉縣以知縣馮譽騏署理九月初一日直州丁驤瀏河厘局來昭文縣孫奉賢縣王丹陽縣趙均辭知縣何紹章謝委署丹徒縣事並銷减賦全書輿局差又劉步瀛辭囘吳松江工次又勞承慶常昭內河厘局來代理府知廳俞世球蒙以織署工程案內給予優差二次禀謝府經余志仁解餉赴金陵囘奔牛司陳大梁交卸囘並謝調補太湖東山司禀知到任縣丞吳巽權解絲捐塘工經費囘又何霽光典史夏振嗣均辭囘上海縣丞孫炳奎銷洞庭絲捐差典史李椿壽銷蘇城捐絲差六品頂戴指蘇儘先補用主簿高道榮安徽人禀到蘇松太道沈於九月初九日壽辰候補府許大綬之老太太姚氏於九月十二日八旬壽辰,2_drop_benbaoxun
constitutional,9,zhixian,39949,zhixian,4192,7_small_index,A2013010337931,SP,申報,1872-10-09,04,,清同治11年 日明治5年,清同治11年,日明治5年,,,,F,,蘇省撫轅日報,本報訊,初三日新任閩浙制憲李辭行赴任知府江鴻奉委賦役全書輿圖局提調又厲學潮同知褚成績均辭赴徒陽河工又韋廷楨知州杜文溥均辭囘上海直州丁驤辭囘瀏河厘局通判吳恩曜奉委赴武陽鍚金知州馬松笙江宜荆知縣李渭常昭崑新均會勘荒熟田畝差又朱家襄奉札委驗收吳縣復聖祠工程差又劉承矩奉糧道委催提松屬嘉寳廳漕項銀両辭又李文燿武陽等八縣催提欠訓導張鴻卓松江來縣丞劉沛霖蒙以織署工程案內給予優差一次按經姜恩普邳州公幹囘又朱兆錡辭赴松滬釐局差委從九王師凱解餉赴淮辭又汪文藻請假赴滬措資同知銜同知直州用江蘇候班前先補用知縣李德培直人服滿同知銜分蘇試用知縣吳乃安湖州人均禀到知府江潮同知徐致和直州善多均辭囘上海知縣朱培深海州公幹囘分發補用直州韓慶雲鳳凰山辭差來調補太湖東山司陳大梁委署丹徒安港司盛金鑑均辭赴任從九許慶埏上海囘各戲園戲目告白,蘇省撫轅日報 初三日新任閩浙制憲李辭行赴任知府江鴻奉委賦役全書輿圖局提調又厲學潮同知褚成績均辭赴徒陽河工又韋廷楨知州杜文溥均辭囘上海直州丁驤辭囘瀏河厘局通判吳恩曜奉委赴武陽鍚金知州馬松笙江宜荆知縣李渭常昭崑新均會勘荒熟田畝差又朱家襄奉札委驗收吳縣復聖祠工程差又劉承矩奉糧道委催提松屬嘉寳廳漕項銀両辭又李文燿武陽等八縣催提欠訓導張鴻卓松江來縣丞劉沛霖蒙以織署工程案內給予優差一次按經姜恩普邳州公幹囘又朱兆錡辭赴松滬釐局差委從九王師凱解餉赴淮辭又汪文藻請假赴滬措資同知銜同知直州用江蘇候班前先補用知縣李德培直人服滿同知銜分蘇試用知縣吳乃安湖州人均禀到知府江潮同知徐致和直州善多均辭囘上海知縣朱培深海州公幹囘分發補用直州韓慶雲鳳凰山辭差來調補太湖東山司陳大梁委署丹徒安港司盛金鑑均辭赴任從九許慶埏上海囘各戲園戲目告白,2_drop_benbaoxun
constitutional,10,zhixian,39948,zhixian,4191,7_small_index,A2013010338592,SP,申報,1872-10-26,03,,清同治11年 日明治5年,清同治11年,日明治5年,,,,F,,猪仔解往金陵,本報訊,風聞屠兩江制憲何頃行文上海道憲合籽馬利亞古士船之傭人提出數名解送江密將自行審訊於此可見制憲愛尺之心而拐贩猪仔之害從此當可永除矣,猪仔解往金陵 風聞屠兩江制憲何頃行文上海道憲合籽馬利亞古士船之傭人提出數名解送江密將自行審訊於此可見制憲愛尺之心而拐贩猪仔之害從此當可永除矣,2_drop_benbaoxun
constitutional,11,zhixian,39947,zhixian,4190,7_small_index,A2013010339040,SP,申報,1872-11-07,05,,清同治11年 日明治5年,清同治11年,日明治5年,,,,F,,蘇省撫轅日報,本報訊,十月初一日首府李總捕朱管糧蔡長洲縣顧元知縣陽吳縣高均稟知本開運局通判章裕文請假赴滬資知縣榮椿銷津局交米差又張同堂赴金陵謁制憲縣丞翟鑾芳委監修松江城垣差辭又蔣繼麟交卸奉賢縣丞事並監桃金匯塘小閘兩河工竣囘從李煜江比措資囘同知楊襄知縣周相輔董廷策鮑敷佑道庫王姚泰縣丞王嘉懋林啟瑞從九陳廷璿謝樹程夢庚銷差府經秦爲鑑加委閶門內二查縣丞張豫立謝委署按經歷事主薄蔡葆昌上海來藩轅牌示於初日初七日考試,蘇省撫轅日報 十月初一日首府李總捕朱管糧蔡長洲縣顧元知縣陽吳縣高均稟知本開運局通判章裕文請假赴滬資知縣榮椿銷津局交米差又張同堂赴金陵謁制憲縣丞翟鑾芳委監修松江城垣差辭又蔣繼麟交卸奉賢縣丞事並監桃金匯塘小閘兩河工竣囘從李煜江比措資囘同知楊襄知縣周相輔董廷策鮑敷佑道庫王姚泰縣丞王嘉懋林啟瑞從九陳廷璿謝樹程夢庚銷差府經秦爲鑑加委閶門內二查縣丞張豫立謝委署按經歷事主薄蔡葆昌上海來藩轅牌示於初日初七日考試,2_drop_benbaoxun
constitutional,12,zhixian,39946,zhixian,4189,7_small_index,A2013010339693,SP,申報,1872-11-23,05,,清同治11年 日明治5年,清同治11年,日明治5年,,,,F,,蘇省撫轅事宣,本報訊,十七日牌示寳山縣主簿王鍪計叅遺缺以溧陽縣典史陳以恭升補奉札准部覆准其升補應卽飭令赴任同知鄭學濂金陵謁制憲囘又張景芝常照直州徐先路江陰均厘局來崑山縣傅署昭文縣孫均辭知縣朱光照奉水利總局委辦太鎭塘工辭兩淮候補運判方克猷鹽大使翟樂善均揚州來縣丞葉譽芬服闋稟到撫轅牌示於十八日聽候本署部院臨司盤庫,蘇省撫轅事宣 十七日牌示寳山縣主簿王鍪計叅遺缺以溧陽縣典史陳以恭升補奉札准部覆准其升補應卽飭令赴任同知鄭學濂金陵謁制憲囘又張景芝常照直州徐先路江陰均厘局來崑山縣傅署昭文縣孫均辭知縣朱光照奉水利總局委辦太鎭塘工辭兩淮候補運判方克猷鹽大使翟樂善均揚州來縣丞葉譽芬服闋稟到撫轅牌示於十八日聽候本署部院臨司盤庫,2_drop_benbaoxun
constitutional,13,zhixian,39945,zhixian,4188,7_small_index,A2013010339824,SP,申報,1872-11-27,05,,清同治11年 日明治5年,清同治11年,日明治5年,,,,F,,蘇省撫轅事宜,本報訊,制憲何大人於十月十七日聞訃丁憂知府銜補用同知司徒繹廣東人禀到巡檢蔣祖錦卸署丹陽呂城司事囘二十一日知縣鹿伯元缷署丹徒縣事囘又吳兆楣上海公幹囘又徐景福奉臬憲委發審局差縣丞阮松華亭海塘工竣囘運同銜補用同知直隸州候補知縣孫世棠開復引見稟到,蘇省撫轅事宜 制憲何大人於十月十七日聞訃丁憂知府銜補用同知司徒繹廣東人禀到巡檢蔣祖錦卸署丹陽呂城司事囘二十一日知縣鹿伯元缷署丹徒縣事囘又吳兆楣上海公幹囘又徐景福奉臬憲委發審局差縣丞阮松華亭海塘工竣囘運同銜補用同知直隸州候補知縣孫世棠開復引見稟到,2_drop_benbaoxun
constitutional,14,zhixian,39944,zhixian,4187,7_small_index,A2013020125642,SP,申報,1872-12-20,05,,清同治11年 日明治5年,清同治11年,日明治5年,,,,F,,蘚省撫轅事宜,本報訊,牌示崇明縣典史夏曰濟期滿以未入王豐湖沒司王安瀾期滿以從九孫樹衡均接署臬憲應大人吳江回十四日臬憲應大人署理藩憲聞時前臬憲勒大人署理臬憲知府張宗軾唐嵩松海防沈上海縣葉同知潘涣劉元會郭元昌鄭學陳鴻司徒繹知府杜文溥准補吳縣葛兆堂知縣會紹王肇震綽勒歡保高彦冲陳士棻江錫珪傅維祚楊開第吳其芳黄章雲陳炳泰塩大使顧同坡盧紹緒府照汪承綬縣丞賈立方主薄高道榮從九王啟曾均奉委海運滬局差同知張亦賢銷金陸桑棉捐局差知縣湯學江謝八年海運保舉四品封典委署巴城司何頌清辭赴任從九王師凱解餉赴南京囘又陳楨奉江藩司委接 新制憲來省十五日行香文廟藩憲武廟撫憲文昌太陽臬憲天后糧遇風雲雷雨賈道火神杜道風龍神首府劉猛將總捕呂祖管糧都廟長洲郡廟元和都土地吳縣,蘚省撫轅事宜 牌示崇明縣典史夏曰濟期滿以未入王豐湖沒司王安瀾期滿以從九孫樹衡均接署臬憲應大人吳江回十四日臬憲應大人署理藩憲聞時前臬憲勒大人署理臬憲知府張宗軾唐嵩松海防沈上海縣葉同知潘涣劉元會郭元昌鄭學陳鴻司徒繹知府杜文溥准補吳縣葛兆堂知縣會紹王肇震綽勒歡保高彦冲陳士棻江錫珪傅維祚楊開第吳其芳黄章雲陳炳泰塩大使顧同坡盧紹緒府照汪承綬縣丞賈立方主薄高道榮從九王啟曾均奉委海運滬局差同知張亦賢銷金陸桑棉捐局差知縣湯學江謝八年海運保舉四品封典委署巴城司何頌清辭赴任從九王師凱解餉赴南京囘又陳楨奉江藩司委接 新制憲來省十五日行香文廟藩憲武廟撫憲文昌太陽臬憲天后糧遇風雲雷雨賈道火神杜道風龍神首府劉猛將總捕呂祖管糧都廟長洲郡廟元和都土地吳縣,2_drop_benbaoxun
constitutional,15,zhixian,39943,zhixian,4186,7_small_index,A2013020125771,SP,申報,1872-12-24,05,,清同治11年 日明治5年,清同治11年,日明治5年,,,,F,,蘇省撫轅事宜,本報訊,十八日知府錢卿鉌昭文塘工來同知吳恒謝九年海運保舉補缺後以知府儘先補用委署寶山縣張振陛辭囘同里直州朱際昌辭赴江寗通判李蓮炬銷河運差候選知縣周春生楓橋厘卡來禀知奉牙厘局委同里厘卡辭府經董思贊金陵見制憲回主簿沈潮奉飭派蘇差委知縣白繩一縣丞陳鴻潤從九張志洪均奉委寶山塘口差,蘇省撫轅事宜 十八日知府錢卿鉌昭文塘工來同知吳恒謝九年海運保舉補缺後以知府儘先補用委署寶山縣張振陛辭囘同里直州朱際昌辭赴江寗通判李蓮炬銷河運差候選知縣周春生楓橋厘卡來禀知奉牙厘局委同里厘卡辭府經董思贊金陵見制憲回主簿沈潮奉飭派蘇差委知縣白繩一縣丞陳鴻潤從九張志洪均奉委寶山塘口差,2_drop_benbaoxun
constitutional,16,zhixian,39942,zhixian,4185,7_small_index,A2013020125908,SP,申報,1872-12-27,05,,清同治11年 日明治5年,清同治11年,日明治5年,,,,F,,蘇省撫轅日報,本報訊,二十一日松江府楊大人新授江蘇鎭理事同知明志均到知縣沈偉田金陵回又倪咸生又朱廷球均隨督憲赴寗又任文藻囘滬均辭縣丞啟瑞奉委閶門外五叚冬巡差從九呂長治委城內東北路西叚冬巡差又張光謙又沈志曾均奉委徒陽河工辭署制憲張大人二十三日子刻起節赴寗撫憲牌示二 十三日謁文武廟文昌太陽親詣呂祖風龍神劉猛將都廟委首府二十四日天后風雲雷雨火神郡廟親詣都地委首府,蘇省撫轅日報 二十一日松江府楊大人新授江蘇鎭理事同知明志均到知縣沈偉田金陵回又倪咸生又朱廷球均隨督憲赴寗又任文藻囘滬均辭縣丞啟瑞奉委閶門外五叚冬巡差從九呂長治委城內東北路西叚冬巡差又張光謙又沈志曾均奉委徒陽河工辭署制憲張大人二十三日子刻起節赴寗撫憲牌示二 十三日謁文武廟文昌太陽親詣呂祖風龍神劉猛將都廟委首府二十四日天后風雲雷雨火神郡廟親詣都地委首府,2_drop_benbaoxun
constitutional,17,zhixian,39941,zhixian,4184,7_small_index,A2013020121338,SP,申報,1873-01-25,05,,清同治12年 日明治6年,清同治12年,日明治6年,,,,F,,蘇省撫轅事宜,本報訊,十九日知縣胡權立稟知換蘇差委又鮑恩銓請假赴南京見制憲縣丞張宗顥奉爵閣督憲飭保五品藍翎又沈緯清委辦浙江海運滬局差署新陽巴城司俞鴻樹缷事回牌示松江府經歷蕭廷珍丁憂以縣丞吳巽權鎮江府知事甘隆春期滿以按經朱杲無錫縣典史許欽典調省以從九陳彭壽華亭縣教諭劉長華患病以教職李凝辰常州府孝授金翔鳳因病未能赴任請另委接署前來查有教職黃昭瑜金山縣訓導吳江照病故以訓導吳汝渤均署理二十日知府劉文啟奉委騐收左營兵房營門等工縣丞閔榮甲請領七浦經費來省正任震澤司江炳奎交缷囘準補靖江新港司謝恩澤奉飭赴任候補道陳翰芬辭行赴 直隸,蘇省撫轅事宜 十九日知縣胡權立稟知換蘇差委又鮑恩銓請假赴南京見制憲縣丞張宗顥奉爵閣督憲飭保五品藍翎又沈緯清委辦浙江海運滬局差署新陽巴城司俞鴻樹缷事回牌示松江府經歷蕭廷珍丁憂以縣丞吳巽權鎮江府知事甘隆春期滿以按經朱杲無錫縣典史許欽典調省以從九陳彭壽華亭縣教諭劉長華患病以教職李凝辰常州府孝授金翔鳳因病未能赴任請另委接署前來查有教職黃昭瑜金山縣訓導吳江照病故以訓導吳汝渤均署理二十日知府劉文啟奉委騐收左營兵房營門等工縣丞閔榮甲請領七浦經費來省正任震澤司江炳奎交缷囘準補靖江新港司謝恩澤奉飭赴任候補道陳翰芬辭行赴 直隸,2_drop_benbaoxun
constitutional,18,zhixian,39940,zhixian,4183,7_small_index,A2013020121538,SP,申報,1873-02-15,04,,清同治12年 日明治6年,清同治12年,日明治6年,,,,F,,蘇省撫轅事宜,本報訊,元旦候補縣馮燏又楊昌榮均上海來○初二日通判李蓮炬稟辭奉粮道憲委解輕賷通餉赴都候補縣呂廷宰請假赴金陵○初三日候補道趙宗道上海囘候補府鴻候補縣金奎光均稟辭金陵見制憲帮辦督標親兵營並文案處分發補用直州韓慶雲鳳凰山來淞南營遊擊葉廣全辭行赴金陵吴縣高禀知赴五龍橋催工差縣丞吳德輝稟知奉水利局委赴太鎮塘工差候選縣丞王祖斌又從九姚浚源均稟知奉委海運津局紳董差從九葉丙祥稟知委赴津應解部庫江興等衞銀兩赴都○初四日候補府余魁梅常昭清粮局來靖江營備盛大才到蘇直隸州曾廣照同知任本照正任江浦縣柳承先均稟辭赴金陵見制憲候選同知彭祖籛謝委書局差候補縣綽勒歡保知奉委伴送案官赴鎮江又祝寶森稟知奉藩憲委代辦全書局提調差又范壽棠武陽等縣催項囘兩淮候補鹽大使胡壽鴻禀知奉委盤门水關差准補奉賢縣南橋司巡檢沈志高謝飭知赴任縣丞張正卿稟辭赴海運滬局差指發江蘇試用主簿蕭學瑗江西人稟到從九劉冠卿卸署江陰縣顧山司巡檢事囘又陳煒禀知貴州撫臺曾解協餉案內保舉咨給五品藍翎未入陳濬華亭塘工來○初五日候補道劉瑞芬上海來記名提督陳維新無錫來又總兵程廷傑又樊政陞補用副將袁九臬均鳳凰出來記省總兵成永祥平望來松江城守營参府陳勝輝又守備鄧業良提標中營参府王幼山又左營游擊鞠登櫺又後營游擊朱鍾駿金山營游擊張得龍太倉中營守俻尹嗣興均到蘇安候補李松榮宜興來候補府陳大誥稟辭赴滬局海運差坐補鎮江府李仲良通判吳眞疇選授無錫縣傅琳森候袖縣黃慶熙均稟辭赴金陵見制憲又方蓀請假赴孟河就醫又張朝珍稟辭奉委赴常熟丈勘沙地又程麟稟知奉江安道札委河運差通判陳兆榮謝賞派海運津局差仍留善後局事宜知州陸爾發府照磨沈金榮縣丞陸作霖均木凟來又董煦文望亭厘卡來又孫炳奎從九趙惟嶔又兪昌穀均稟知水利局委赴太倉七浦河工差卽辭又陶應文江北催提獄官薪水囘吳縣縣丞許樹椅稟到卽辭戲目告白 正月十七日,蘇省撫轅事宜 元旦候補縣馮燏又楊昌榮均上海來○初二日通判李蓮炬稟辭奉粮道憲委解輕賷通餉赴都候補縣呂廷宰請假赴金陵○初三日候補道趙宗道上海囘候補府鴻候補縣金奎光均稟辭金陵見制憲帮辦督標親兵營並文案處分發補用直州韓慶雲鳳凰山來淞南營遊擊葉廣全辭行赴金陵吴縣高禀知赴五龍橋催工差縣丞吳德輝稟知奉水利局委赴太鎮塘工差候選縣丞王祖斌又從九姚浚源均稟知奉委海運津局紳董差從九葉丙祥稟知委赴津應解部庫江興等衞銀兩赴都○初四日候補府余魁梅常昭清粮局來靖江營備盛大才到蘇直隸州曾廣照同知任本照正任江浦縣柳承先均稟辭赴金陵見制憲候選同知彭祖籛謝委書局差候補縣綽勒歡保知奉委伴送案官赴鎮江又祝寶森稟知奉藩憲委代辦全書局提調差又范壽棠武陽等縣催項囘兩淮候補鹽大使胡壽鴻禀知奉委盤门水關差准補奉賢縣南橋司巡檢沈志高謝飭知赴任縣丞張正卿稟辭赴海運滬局差指發江蘇試用主簿蕭學瑗江西人稟到從九劉冠卿卸署江陰縣顧山司巡檢事囘又陳煒禀知貴州撫臺曾解協餉案內保舉咨給五品藍翎未入陳濬華亭塘工來○初五日候補道劉瑞芬上海來記名提督陳維新無錫來又總兵程廷傑又樊政陞補用副將袁九臬均鳳凰出來記省總兵成永祥平望來松江城守營参府陳勝輝又守備鄧業良提標中營参府王幼山又左營游擊鞠登櫺又後營游擊朱鍾駿金山營游擊張得龍太倉中營守俻尹嗣興均到蘇安候補李松榮宜興來候補府陳大誥稟辭赴滬局海運差坐補鎮江府李仲良通判吳眞疇選授無錫縣傅琳森候袖縣黃慶熙均稟辭赴金陵見制憲又方蓀請假赴孟河就醫又張朝珍稟辭奉委赴常熟丈勘沙地又程麟稟知奉江安道札委河運差通判陳兆榮謝賞派海運津局差仍留善後局事宜知州陸爾發府照磨沈金榮縣丞陸作霖均木凟來又董煦文望亭厘卡來又孫炳奎從九趙惟嶔又兪昌穀均稟知水利局委赴太倉七浦河工差卽辭又陶應文江北催提獄官薪水囘吳縣縣丞許樹椅稟到卽辭戲目告白 正月十七日,2_drop_benbaoxun
constitutional,19,zhixian,39939,zhixian,4182,7_small_index,A2013020121549,SP,申報,1873-02-17,04,,清同治12年 日明治6年,清同治12年,日明治6年,,,,F,,蘇省撫轅日報 初七日候補同知徐承烜通判又綸又王綬縣丞朱穀均禀知奉糧道憲札調赴津局候補縣沈履慶松江緝捕囘署蘇州照磨查有耕禀知赴陸墓設廠開造金磚差縣丞吳德輝禀辭赴太鎭海塘工程差又余永泰謝飭知華亭海塘案內給予勞績前先拔署一次○初八日候補道湯壽銘金陵來候補府張保衡引見囘銷鮮京餉並發審局差又時乃風閩行厘局來又劉懋森禀辭囘盛澤厘局分發同知蒯光烈同里厘卡來候補同知萬兆熊又恒坦均稟知奉糧道憲調赴津局差又楊逢澤稟知奉委辦常昭新三邑公墓差直隸州丁驤瀏河厘卡來無錫縣吳稟到前任浙江定海直隸同知虞慶瀾常州籍稟知奉委海運津局紳董差候補縣程南金七鴉口厘卡來叉張紹文奔牛厘卡來又勞承慶常昭內河厘局來又張景良禀辭赴金陵見制憲元江青縣丞杜承惠禀到卽辭福建縣丞張慶銓上海來直州判吳忠甲禀辭赴津局海運差從九孫元坤卸署金山縣衞城司廵檢事回又王師凱禀辭委解餉赴揚州又趙秉鈞禀辭奉委赴七浦河工差,本報訊,,蘇省撫轅日報 初七日候補同知徐承烜通判又綸又王綬縣丞朱穀均禀知奉糧道憲札調赴津局候補縣沈履慶松江緝捕囘署蘇州照磨查有耕禀知赴陸墓設廠開造金磚差縣丞吳德輝禀辭赴太鎭海塘工程差又余永泰謝飭知華亭海塘案內給予勞績前先拔署一次○初八日候補道湯壽銘金陵來候補府張保衡引見囘銷鮮京餉並發審局差又時乃風閩行厘局來又劉懋森禀辭囘盛澤厘局分發同知蒯光烈同里厘卡來候補同知萬兆熊又恒坦均稟知奉糧道憲調赴津局差又楊逢澤稟知奉委辦常昭新三邑公墓差直隸州丁驤瀏河厘卡來無錫縣吳稟到前任浙江定海直隸同知虞慶瀾常州籍稟知奉委海運津局紳董差候補縣程南金七鴉口厘卡來叉張紹文奔牛厘卡來又勞承慶常昭內河厘局來又張景良禀辭赴金陵見制憲元江青縣丞杜承惠禀到卽辭福建縣丞張慶銓上海來直州判吳忠甲禀辭赴津局海運差從九孫元坤卸署金山縣衞城司廵檢事回又王師凱禀辭委解餉赴揚州又趙秉鈞禀辭奉委赴七浦河工差,2_drop_benbaoxun
constitutional,20,zhixian,39938,zhixian,4181,7_small_index,A2013020121581,SP,申報,1873-02-19,04,,清同治12年 日明治6年,清同治12年,日明治6年,,,,F,,蘇省撫轅事宜,本報訊,十日知府銜分發用直州沈祥禀知委海運津局紳董差署吳江縣萬又丹陽縣趙郡稟到候補縣趙樹楷稟辭赴金陵制憲元和縣縣丞賀金相明縣丞汪守均稟到縣丞廖國萬未入郭家令均常州指發試用縣丞金茂暄浙江人稟到准補清河縣典史吳有章稟辭奉飭赴金陵○十三日祭劉猛將穿袍補日候補道湯壽銘辭行囘金陵太湖聶稟辭署震澤縣李稟到准補吳縣葛兆堂上海來候補縣蘇升紀稟辭囘松江工次又李振欽稟知接辦貨捐務並銷盤門水差又譯泰來缷署崇明縣事囘又周光海公幹囘蘇州府授方其洪正誼書院又訓導包桂生紫陽書院均禀知奉委監院差咨補金匱縣典史譚必達湖北人禀到元和縣陽禀知下鄉囘十三日辰時祭藩庫本月十九日午時開印○十三日候府蔣國楨辭囘鎮江上游下又吳道中候選縣白方泉均鎮江下游釐卡來分發補用同知蒯光烈稟辭囘同里厘卡候補知萬兆熊辭赴局運差署無錫縣吳又寶山縣張又丹陽縣趙均禀辭候補縣沈慶辭囘松江元和縣縣丞賀金署上海縣主薄丁均稟辭縣丞尚序稟辭奉糧道憲委解輕銀兩赴都上海貨捐局委員遇缺先選縣丞方哲松滬釐局委解餉來省五品銜咨補崑山縣石浦司廵檢王金詔浙江人江比來准補賢南橋司廵檢沈志高稟辭赴任又東臺縣典史江人樹稟辭奉飭赴金陵廵檢葉丙祥稟辭道憲委赴津局並解部飯銀兩赴都未入郭家令稟辭囘常州,蘇省撫轅事宜 十日知府銜分發用直州沈祥禀知委海運津局紳董差署吳江縣萬又丹陽縣趙郡稟到候補縣趙樹楷稟辭赴金陵制憲元和縣縣丞賀金相明縣丞汪守均稟到縣丞廖國萬未入郭家令均常州指發試用縣丞金茂暄浙江人稟到准補清河縣典史吳有章稟辭奉飭赴金陵○十三日祭劉猛將穿袍補日候補道湯壽銘辭行囘金陵太湖聶稟辭署震澤縣李稟到准補吳縣葛兆堂上海來候補縣蘇升紀稟辭囘松江工次又李振欽稟知接辦貨捐務並銷盤門水差又譯泰來缷署崇明縣事囘又周光海公幹囘蘇州府授方其洪正誼書院又訓導包桂生紫陽書院均禀知奉委監院差咨補金匱縣典史譚必達湖北人禀到元和縣陽禀知下鄉囘十三日辰時祭藩庫本月十九日午時開印○十三日候府蔣國楨辭囘鎮江上游下又吳道中候選縣白方泉均鎮江下游釐卡來分發補用同知蒯光烈稟辭囘同里厘卡候補知萬兆熊辭赴局運差署無錫縣吳又寶山縣張又丹陽縣趙均禀辭候補縣沈慶辭囘松江元和縣縣丞賀金署上海縣主薄丁均稟辭縣丞尚序稟辭奉糧道憲委解輕銀兩赴都上海貨捐局委員遇缺先選縣丞方哲松滬釐局委解餉來省五品銜咨補崑山縣石浦司廵檢王金詔浙江人江比來准補賢南橋司廵檢沈志高稟辭赴任又東臺縣典史江人樹稟辭奉飭赴金陵廵檢葉丙祥稟辭道憲委赴津局並解部飯銀兩赴都未入郭家令稟辭囘常州,2_drop_benbaoxun
constitutional,21,zhixian,39937,zhixian,4180,7_small_index,A2013020121587,SP,申報,1873-02-20,02,,清同治12年 日明治6年,清同治12年,日明治6年,,,,F,,南京信息,本報訊,頃聞人云兩江制憲巳放李公宗羲李公前任晉撫丁憂起復入京特膺簡命者也並聞蘇撫卽放張公樹聲云,南京信息 頃聞人云兩江制憲巳放李公宗羲李公前任晉撫丁憂起復入京特膺簡命者也並聞蘇撫卽放張公樹聲云,2_drop_benbaoxun
constitutional,22,zhixian,39936,zhixian,4179,7_small_index,A2013020121595,SP,申報,1873-02-20,04,,清同治12年 日明治6年,清同治12年,日明治6年,,,,F,,蘇省撫轅事宜,本報訊,上元令節十三五六等日應穿蟒袍補服掛珠十四日常鎭道李本日丑時過無錫前來候補道馮光上海來署震澤縣李又丹徒縣何均稟辭辛未翰林朱成熙崑山來候補縣劉承矩催提長元震新常昭等邑漕册囘候選鹽大使陸象宗自常熟籍來稟知奉委海運津局紳董差從九程夢庚太鎭塘工來禀知奉委蘇城婁齊厘捐差藩憲定十八日見期候補府余魁梅同知趙景逵又朱守和陳家琮楊逢澤吳道南直隸州吳政祥通判謝鳴鳳又蔡承瑞候補縣張葆濬又陸以賢孫彭年李徵槐德印張墀祥和許子春查晋蔭直州判呂穎以上十九位十五日行香文廟臬憲武廟撫憲文昌太陽藩憲天后風雲雷雨神候補道童火神候補道汪劉猛將總捕呂祖管糧風龍神首府都城隍長洲府城隍元和都土地吳縣十五日鎮道李松太沈到蘇首府李請假一日候補府崔繩祖辭囘江陰工次同知吳世廕禀辭赴金陵見制憲署金壇縣汪禀辭候補縣孫篤上海來楊第禀辭赴江北公幹又綽勒歡保禀辭伴送官赴鎭江又蔣一桂吳淞厘卡來又陸清臣稟知奉撫憲委帮軍火赴天津候選大使陸象宗稟辭赴滬准補淮安府稅課大使署鎭洋縣典史趙景稟到奉飭赴寗又六合縣瓜埠司廵檢陳憲稟辭赴金陵元和縣周庄司廵檢楊益稟到卽辭,蘇省撫轅事宜 上元令節十三五六等日應穿蟒袍補服掛珠十四日常鎭道李本日丑時過無錫前來候補道馮光上海來署震澤縣李又丹徒縣何均稟辭辛未翰林朱成熙崑山來候補縣劉承矩催提長元震新常昭等邑漕册囘候選鹽大使陸象宗自常熟籍來稟知奉委海運津局紳董差從九程夢庚太鎭塘工來禀知奉委蘇城婁齊厘捐差藩憲定十八日見期候補府余魁梅同知趙景逵又朱守和陳家琮楊逢澤吳道南直隸州吳政祥通判謝鳴鳳又蔡承瑞候補縣張葆濬又陸以賢孫彭年李徵槐德印張墀祥和許子春查晋蔭直州判呂穎以上十九位十五日行香文廟臬憲武廟撫憲文昌太陽藩憲天后風雲雷雨神候補道童火神候補道汪劉猛將總捕呂祖管糧風龍神首府都城隍長洲府城隍元和都土地吳縣十五日鎮道李松太沈到蘇首府李請假一日候補府崔繩祖辭囘江陰工次同知吳世廕禀辭赴金陵見制憲署金壇縣汪禀辭候補縣孫篤上海來楊第禀辭赴江北公幹又綽勒歡保禀辭伴送官赴鎭江又蔣一桂吳淞厘卡來又陸清臣稟知奉撫憲委帮軍火赴天津候選大使陸象宗稟辭赴滬准補淮安府稅課大使署鎭洋縣典史趙景稟到奉飭赴寗又六合縣瓜埠司廵檢陳憲稟辭赴金陵元和縣周庄司廵檢楊益稟到卽辭,2_drop_benbaoxun
constitutional,23,zhixian,39935,zhixian,4178,7_small_index,A2013020121609,SP,申報,1873-02-21,04,,清同治12年 日明治6年,清同治12年,日明治6年,,,,F,,蘇省撫轅日報,本報訊,十六日藩轅牌示華亭縣教諭劉長華告病缺當經詳委寶山人候用訓導李凝辰署理玆據申報病故所遺員缺查有候用訓導甘堯熙堪以委令署理鎮江營府純嘏到蘇同知郭元昌禀辭奉委赴閩省採辦塘工木植差直隸州孫元超上海來又徐先潞江陰釐卞來荊溪縣潘代理常熟縣王均禀到採訪忠義局委員知府銜分發補用直隸州姜興溧陽人金陵來正任江陰縣顏榮階稟辭赴金陵見制憲候補縣張朝常熟會勘沙地囘縣丞朱璜上海來候選縣丞方模哲稟辭囘滬藩憲泒定二十三日見期同知張亦賢又祝齡梁僖年高五雲李翰文直隸州邵燮元通判何燿良候補縣瘳明賢又馮汪恩培賈至慎梁鵬傳作珩丁廷鸞李清平唐紫封直州判周慶昌以上十七位十七日藩轅牌示長洲縣縣丞褚琮丁憂缺當經請以卽補縣丞殷以恕咨補現奉部駁所遺員缺查有候補縣丞朱澄元堪以請補琉球國貢使過境候補府鄉鉌鉌囘常昭內河厘卡又吳道中囘鎮江下游厘卡均稟辭道員用分發補用知府李隰馨安徽籍來同知張亦賢稟辭奉松太道憲委赴上海公幹又陳修齊禀知接琉球國貢使囘卽辭護送出境候補縣孫家篤又任文藻均囘滬又蔣一桂囘吳松厘卡又錢寶清赴松滬公幹均稟辭又王恩錫車坊厘卡又馮譽駒由京來並銷海運津局差又方孟河就醫囘府經葉紫綬稟辭赴鑫陵見制憲分發江蘇試用縣丞吳子瑞安人稟到縣丞朱璜稟辭囘滬准補文縣白廵檢葉雲銷婁齊葑等厘捐差未入陸釗請假赴淮安貲糧道英官太太那拉氏於二月初二日壽辰候補道買益謙蘇管糧朱均於二月初四壽辰,蘇省撫轅日報 十六日藩轅牌示華亭縣教諭劉長華告病缺當經詳委寶山人候用訓導李凝辰署理玆據申報病故所遺員缺查有候用訓導甘堯熙堪以委令署理鎮江營府純嘏到蘇同知郭元昌禀辭奉委赴閩省採辦塘工木植差直隸州孫元超上海來又徐先潞江陰釐卞來荊溪縣潘代理常熟縣王均禀到採訪忠義局委員知府銜分發補用直隸州姜興溧陽人金陵來正任江陰縣顏榮階稟辭赴金陵見制憲候補縣張朝常熟會勘沙地囘縣丞朱璜上海來候選縣丞方模哲稟辭囘滬藩憲泒定二十三日見期同知張亦賢又祝齡梁僖年高五雲李翰文直隸州邵燮元通判何燿良候補縣瘳明賢又馮汪恩培賈至慎梁鵬傳作珩丁廷鸞李清平唐紫封直州判周慶昌以上十七位十七日藩轅牌示長洲縣縣丞褚琮丁憂缺當經請以卽補縣丞殷以恕咨補現奉部駁所遺員缺查有候補縣丞朱澄元堪以請補琉球國貢使過境候補府鄉鉌鉌囘常昭內河厘卡又吳道中囘鎮江下游厘卡均稟辭道員用分發補用知府李隰馨安徽籍來同知張亦賢稟辭奉松太道憲委赴上海公幹又陳修齊禀知接琉球國貢使囘卽辭護送出境候補縣孫家篤又任文藻均囘滬又蔣一桂囘吳松厘卡又錢寶清赴松滬公幹均稟辭又王恩錫車坊厘卡又馮譽駒由京來並銷海運津局差又方孟河就醫囘府經葉紫綬稟辭赴鑫陵見制憲分發江蘇試用縣丞吳子瑞安人稟到縣丞朱璜稟辭囘滬准補文縣白廵檢葉雲銷婁齊葑等厘捐差未入陸釗請假赴淮安貲糧道英官太太那拉氏於二月初二日壽辰候補道買益謙蘇管糧朱均於二月初四壽辰,2_drop_benbaoxun
constitutional,24,zhixian,39934,zhixian,4177,7_small_index,A2013020121618,SP,申報,1873-02-22,04,,清同治12年 日明治6年,清同治12年,日明治6年,,,,F,,蘇省撫轅事宜,本報訊,十八日記名簡放總兵吳兆有溧陽來通判吳貢疇鑫陵見制憲回又蔡承瑞稟知奉臬憲委赴淮安廵緝差荊溪縣潘稟辭候補縣蒯光華上海來又裴大中寶山工來主簿賀信標稟辭委解首級赴沐陽署鎮陽縣黃史趙景愷禀辭未入邵駿曾稟辭囘淞江差委憲泒定二十八日見其同知王葆昌又吳世廕何澂王明萼直隸州魏彥通判趙祖蔭候補縣文燿又胡權立吳乃安陳蔚文鮑恩銓宋寳義梁修年以上十三位,蘇省撫轅事宜 十八日記名簡放總兵吳兆有溧陽來通判吳貢疇鑫陵見制憲回又蔡承瑞稟知奉臬憲委赴淮安廵緝差荊溪縣潘稟辭候補縣蒯光華上海來又裴大中寶山工來主簿賀信標稟辭委解首級赴沐陽署鎮陽縣黃史趙景愷禀辭未入邵駿曾稟辭囘淞江差委憲泒定二十八日見其同知王葆昌又吳世廕何澂王明萼直隸州魏彥通判趙祖蔭候補縣文燿又胡權立吳乃安陳蔚文鮑恩銓宋寳義梁修年以上十三位,2_drop_benbaoxun
constitutional,25,zhixian,39933,zhixian,4176,7_small_index,A2013020121677,SP,申報,1873-02-27,04,,清同治12年 日明治6年,清同治12年,日明治6年,,,,F,,蘇省撫轅事宜,本報訊,二十二日戊辰進士趙林由京來囘常熟籍直隸州孫元超禀辭囘滬候補縣徐炳奎稟辭奉臬憲委赴吳江公幹又吳兆楣由滬解硝磺囘又致慎禀辭赴常郡會算交代又蔣煥請假赴金陵見制憲忠義 局總鎮洋縣孝廉方正葉仁太來委署鎮江府知事朱呆請赴松江就醫,蘇省撫轅事宜 二十二日戊辰進士趙林由京來囘常熟籍直隸州孫元超禀辭囘滬候補縣徐炳奎稟辭奉臬憲委赴吳江公幹又吳兆楣由滬解硝磺囘又致慎禀辭赴常郡會算交代又蔣煥請假赴金陵見制憲忠義 局總鎮洋縣孝廉方正葉仁太來委署鎮江府知事朱呆請赴松江就醫,2_drop_benbaoxun
constitutional,26,zhixian,39932,zhixian,4175,7_small_index,A2013020121821,SP,申報,1873-03-10,04,,清同治12年 日明治6年,清同治12年,日明治6年,,,,F,,蘇省撫轅事宜,本報訊,初三日藩憲應江陰囘藩轅牌示署南匯縣知縣羅嘉杰調省差委所遺員缺查有候補知縣金福曾堪以署理又補授州縣知縣王宗濓病故出缺查有沐陽縣知縣萬葉封堪以詳請調補又署大倉州吏目吳敦復期滿遺缺查有試用縣丞阮松堪以署理同知陳修齊銷差護送琉球國貢使囘又陳家琮請假赴江北措資又陳步高禀知奉金陵工程局委監造江陰營副將衙署儘先副將常州營遊擊富安到蘇通判蔡承瑞禀辭赴淮安緝捕差吳縣高禀知赴光福公幹候補縣黃世本銷解京餉差並引見囘分發試用府經歴關金生浙江人起復稟到縣丞俞永泰解餉赴揚州囘又張道生銷冬防差即辭赴七浦河工又羅淦城內西南四叚又應維新閶胥城外七段均稟知委接辦巡查差准補嘉定縣諸翟司巡檢朱瀾謝飭知赴任又新陽縣典史石汝松山西人稟到從九高廷勳請假赴滬措資又舒培元稟知派蘇差委又龍燮榮禀知奉撫臺委赴金陵接新制憲,蘇省撫轅事宜 初三日藩憲應江陰囘藩轅牌示署南匯縣知縣羅嘉杰調省差委所遺員缺查有候補知縣金福曾堪以署理又補授州縣知縣王宗濓病故出缺查有沐陽縣知縣萬葉封堪以詳請調補又署大倉州吏目吳敦復期滿遺缺查有試用縣丞阮松堪以署理同知陳修齊銷差護送琉球國貢使囘又陳家琮請假赴江北措資又陳步高禀知奉金陵工程局委監造江陰營副將衙署儘先副將常州營遊擊富安到蘇通判蔡承瑞禀辭赴淮安緝捕差吳縣高禀知赴光福公幹候補縣黃世本銷解京餉差並引見囘分發試用府經歴關金生浙江人起復稟到縣丞俞永泰解餉赴揚州囘又張道生銷冬防差即辭赴七浦河工又羅淦城內西南四叚又應維新閶胥城外七段均稟知委接辦巡查差准補嘉定縣諸翟司巡檢朱瀾謝飭知赴任又新陽縣典史石汝松山西人稟到從九高廷勳請假赴滬措資又舒培元稟知派蘇差委又龍燮榮禀知奉撫臺委赴金陵接新制憲,2_drop_benbaoxun
constitutional,27,zhixian,39931,zhixian,4174,7_small_index,A2013020121837,SP,申報,1873-03-11,05,,清同治12年 日明治6年,清同治12年,日明治6年,,,,F,,蘇省撫轅日報,本報訊,初四日撫憲恩明日止轅候補道杜文瀾嘉興回提督銜松江提標參府葉圻上海來即辭行直隸州楊錫麒稟辭水厘局委赴溧陽勘橋工通判黃鏞松屬公幹回候補縣周光斗金陵回署蘇州府照磨查有耕稟辭解金陵磚赴上海縣丞長稟辭赴天津交米差委署婁縣教諭翁曾禧謝委即辭赴任城守中軍參府崔老太太於本月初五日七旬正壽○初五日江南裏河水師儘先總兵淞北營副將馬步雲常熟來候補知州依克機善孟河就醫回候補縣朱泰修太屬川沙公幹回又張上德縣丞葉譽芬均請假赴松江措資又朱祥穀稟辭赴津局海運差直州判胡昌泰謝飭知准補海州州判决並稟辭赴金陵見制憲委署鎮江府知事朱禀辭赴松江措貲就醫咨補奉賢縣典史關遠焜杭州人金陵來從九龍爕榮稟辭赴金陵迎接新制憲長洲縣顧之少爺於本月十六日吉席,蘇省撫轅日報 初四日撫憲恩明日止轅候補道杜文瀾嘉興回提督銜松江提標參府葉圻上海來即辭行直隸州楊錫麒稟辭水厘局委赴溧陽勘橋工通判黃鏞松屬公幹回候補縣周光斗金陵回署蘇州府照磨查有耕稟辭解金陵磚赴上海縣丞長稟辭赴天津交米差委署婁縣教諭翁曾禧謝委即辭赴任城守中軍參府崔老太太於本月初五日七旬正壽○初五日江南裏河水師儘先總兵淞北營副將馬步雲常熟來候補知州依克機善孟河就醫回候補縣朱泰修太屬川沙公幹回又張上德縣丞葉譽芬均請假赴松江措資又朱祥穀稟辭赴津局海運差直州判胡昌泰謝飭知准補海州州判决並稟辭赴金陵見制憲委署鎮江府知事朱禀辭赴松江措貲就醫咨補奉賢縣典史關遠焜杭州人金陵來從九龍爕榮稟辭赴金陵迎接新制憲長洲縣顧之少爺於本月十六日吉席,2_drop_benbaoxun
constitutional,28,zhixian,39930,zhixian,4173,7_small_index,A2013020121866,SP,申報,1873-03-13,04,,清同治12年 日明治6年,清同治12年,日明治6年,,,,F,,蘇省撫轅事宜,本報訊,初八日候補縣李清平又吳兆楣均稟知奉藩憲甄別署吳江縣縣丞英弼稟到從九蔡敬慈卸署奉賢縣南橋司廵檢事囘委署婁縣典史張文源謝委候選從九劉元佐杭州籍來初八日藩轅牌示震澤縣縣丞陳烜病故開缺查有遇缺卽補縣丞殷以恕堪以請補初九日撫憲恩明日止轅狼山鎮王福山鎮熊登武均到蘇卽辭行同知吳恒稟辭赴浙江公幹長洲縣顧請假一日候補縣鹿伯元請假赴孟河就醫吳江丞英弼稟辭五品銜准補金山縣典史金元鼎由揚州來奉調來省候飭赴任常鎮道李官太太於本月二十縣縣三日壽誕再採得新任制憲李有於本月十六日接印之信,蘇省撫轅事宜 初八日候補縣李清平又吳兆楣均稟知奉藩憲甄別署吳江縣縣丞英弼稟到從九蔡敬慈卸署奉賢縣南橋司廵檢事囘委署婁縣典史張文源謝委候選從九劉元佐杭州籍來初八日藩轅牌示震澤縣縣丞陳烜病故開缺查有遇缺卽補縣丞殷以恕堪以請補初九日撫憲恩明日止轅狼山鎮王福山鎮熊登武均到蘇卽辭行同知吳恒稟辭赴浙江公幹長洲縣顧請假一日候補縣鹿伯元請假赴孟河就醫吳江丞英弼稟辭五品銜准補金山縣典史金元鼎由揚州來奉調來省候飭赴任常鎮道李官太太於本月二十縣縣三日壽誕再採得新任制憲李有於本月十六日接印之信,2_drop_benbaoxun
constitutional,29,zhixian,39929,zhixian,4172,7_small_index,A2013020121996,SP,申報,1873-03-22,04,,清同治12年 日明治6年,清同治12年,日明治6年,,,,F,,蘇省撫轅事宜,本報訊,十八日二品頂戴候選道盛宣懷金陵來翰林院遮吉士周晉堃候選通判鄭樹材均上海來候選郎中惲祖翼辭行囘常州同知溫世京禀辭囘虹橋厘卡又陳步高稟辭赴江陰公幹直隸州曾廣照禀辭赴上海又丁驤禀辭囘瀏河厘卡又章鐿清通判陳汝梅候補縣勞文藻均稟辭囘滬又趙沛然鎮江囘王椿蔭孟河囘均銷就醫假又綽勒歡保稟辭赴各屬守提欠解銀兩又陳炳泰禀辭赴津局海差又程南劉河來又貴成松屬公幹囘又梁鵬謝九年海運保舉補缺後以直隸州用又金奎光金陵見制憲回貴州候補縣洪用懃常州來平望營都司霍景榮禀到陽湖縣王元和縣周庄司巡檢楊益城宜縣下邾司巡檢單紹勳吳江縣主薄陳維楨均禀辭府照磨沈金藻禀辭囘金焦山工次從九姚師釗缷暑崑山縣石浦司巡檢事囘又王潤謝秋審勞績拔署一次,蘇省撫轅事宜 十八日二品頂戴候選道盛宣懷金陵來翰林院遮吉士周晉堃候選通判鄭樹材均上海來候選郎中惲祖翼辭行囘常州同知溫世京禀辭囘虹橋厘卡又陳步高稟辭赴江陰公幹直隸州曾廣照禀辭赴上海又丁驤禀辭囘瀏河厘卡又章鐿清通判陳汝梅候補縣勞文藻均稟辭囘滬又趙沛然鎮江囘王椿蔭孟河囘均銷就醫假又綽勒歡保稟辭赴各屬守提欠解銀兩又陳炳泰禀辭赴津局海差又程南劉河來又貴成松屬公幹囘又梁鵬謝九年海運保舉補缺後以直隸州用又金奎光金陵見制憲回貴州候補縣洪用懃常州來平望營都司霍景榮禀到陽湖縣王元和縣周庄司巡檢楊益城宜縣下邾司巡檢單紹勳吳江縣主薄陳維楨均禀辭府照磨沈金藻禀辭囘金焦山工次從九姚師釗缷暑崑山縣石浦司巡檢事囘又王潤謝秋審勞績拔署一次,2_drop_benbaoxun
constitutional,30,zhixian,39928,zhixian,4171,7_small_index,A2013020122029,SP,申報,1873-03-25,05,,清同治12年 日明治6年,清同治12年,日明治6年,,,,F,,蘇省撫轅事宜,本報訊,前授閩浙制憲張官太劉氏於三月初四壽诞○二十日前任直張家口驛傳道福明金陵來赴浙江按察使銜江蘇候補道王翬翎由京來直馮寶圻稟辭囘滬通判黄鏞祟知奉松道憲札飭留滬差遺卽辭赴上海通州梁奉賢縣王南匯縣羅無錫縣吳均稟辭候補縣徐炳奎謝十年分海運保舉俟補缺後以同智直隸州儘先補用又盧思誠辭赴海運津局差又蔣一桂稟辭回吳淞江厘局又程南金稟辭回劉河厘卡又寶琨禀辭回高寶予婴閘厘局署震澤縣丞丞張稟辭縣丞周政服滿稟到試用理問陳鍚珠禀辭赴宜荆緝捕差理間銜准補吳縣光福司巡檢錢步高揚州來分發試用縣周伊洛湖南人六品顶戴分缺先補用從九張金寶山東人均禀到准補新陽縣典史石汝松稟辭赴任,蘇省撫轅事宜 前授閩浙制憲張官太劉氏於三月初四壽诞○二十日前任直張家口驛傳道福明金陵來赴浙江按察使銜江蘇候補道王翬翎由京來直馮寶圻稟辭囘滬通判黄鏞祟知奉松道憲札飭留滬差遺卽辭赴上海通州梁奉賢縣王南匯縣羅無錫縣吳均稟辭候補縣徐炳奎謝十年分海運保舉俟補缺後以同智直隸州儘先補用又盧思誠辭赴海運津局差又蔣一桂稟辭回吳淞江厘局又程南金稟辭回劉河厘卡又寶琨禀辭回高寶予婴閘厘局署震澤縣丞丞張稟辭縣丞周政服滿稟到試用理問陳鍚珠禀辭赴宜荆緝捕差理間銜准補吳縣光福司巡檢錢步高揚州來分發試用縣周伊洛湖南人六品顶戴分缺先補用從九張金寶山東人均禀到准補新陽縣典史石汝松稟辭赴任,2_drop_benbaoxun
constitutional,31,zhixian,39927,zhixian,4170,7_small_index,A2013020122138,SP,申報,1873-04-01,05,,清同治12年 日明治6年,清同治12年,日明治6年,,,,F,,蘇省撫轅日報,本報訊,二十八日藩轅牌示新選蘇州府照磨余臨兆業據稟報到省應即飭令赴任供職以專責成淞北營副將馬步雲常熟來坐補鎮江府李仲良禀辭赴沛縣公幹翰林院庶吉十周晉堃辭行囘滬同知祝齡稟知善後局委監造神衹壇工程同知銜分缺間用知縣章乃登引見囘候補縣徐炳奎禀辭赴上海公幹左營中軍守備沈廷蘭稟知奉撫台委赴都公幹准補金山縣何炳章上海見道憲囘又奉賢縣縣丞馮肯堂禀辭赴任又陽湖縣馬蹟司巡檢李弼謝飭知赴任又荆溪縣湖沒司巡檢陳驤縣丞朱淦均金陵來又陳叔謙禀辭赴金陵見制憲署蘇州府照磨查有耕禀知赴上海交缷金磚囘代理長洲縣主簿黄履坤稟知接印又常熟縣縣丞何福鍾禀辭赴任從九甘立功謝秋審勞績記大功一次又趙勳臺張書鼎均禀知泒蘇差委未入曾行恕卸署嘉定縣諸翟司巡檢事囘○二十九日候補縣梁修年請假赴滬措資又朱聲先上海公幹囘長洲縣主簿查奉曾俸滿騐看禀知交卸太湖水師正前營哨官六品軍功鄭友元禀辭奉委解京餉赴清江三月初一日行香都城隍長洲府城隍元和文廟臬憲武廟撫憲文昌太陽藩憲天后風雲雷雨神候補道江火神候補道童風龍神首府劉猛將總捕呂祖管糧都土地吳縣,蘇省撫轅日報 二十八日藩轅牌示新選蘇州府照磨余臨兆業據稟報到省應即飭令赴任供職以專責成淞北營副將馬步雲常熟來坐補鎮江府李仲良禀辭赴沛縣公幹翰林院庶吉十周晉堃辭行囘滬同知祝齡稟知善後局委監造神衹壇工程同知銜分缺間用知縣章乃登引見囘候補縣徐炳奎禀辭赴上海公幹左營中軍守備沈廷蘭稟知奉撫台委赴都公幹准補金山縣何炳章上海見道憲囘又奉賢縣縣丞馮肯堂禀辭赴任又陽湖縣馬蹟司巡檢李弼謝飭知赴任又荆溪縣湖沒司巡檢陳驤縣丞朱淦均金陵來又陳叔謙禀辭赴金陵見制憲署蘇州府照磨查有耕禀知赴上海交缷金磚囘代理長洲縣主簿黄履坤稟知接印又常熟縣縣丞何福鍾禀辭赴任從九甘立功謝秋審勞績記大功一次又趙勳臺張書鼎均禀知泒蘇差委未入曾行恕卸署嘉定縣諸翟司巡檢事囘○二十九日候補縣梁修年請假赴滬措資又朱聲先上海公幹囘長洲縣主簿查奉曾俸滿騐看禀知交卸太湖水師正前營哨官六品軍功鄭友元禀辭奉委解京餉赴清江三月初一日行香都城隍長洲府城隍元和文廟臬憲武廟撫憲文昌太陽藩憲天后風雲雷雨神候補道江火神候補道童風龍神首府劉猛將總捕呂祖管糧都土地吳縣,2_drop_benbaoxun
constitutional,32,zhixian,39926,zhixian,4169,7_small_index,A2013020122223,SP,申報,1873-04-05,05,,清同治12年 日明治6年,清同治12年,日明治6年,,,,F,,蘇省撫轅事宜,本報訊,初三日吏部文選司主事施人鏡揚州人由京來同知朱焯請假赴江北措資又韋定楨禀知奉藩憲甄別候補縣章乃登禀辭赴滬新選蘇州府照磨余臨兆補太湖獄金棠均謝飭知赴任又婁縣縣丞趙應珪徒陽河工差竣囘並謝飭矢卽辭赴任試用理問梁文錫縣丞翁廷槐從九張光謙未入倪昌勳均銷徒陽河工差縣丞朱慶缷者無錫縣縣丞事囘藩轅牌示初三日署上海縣主志相署事期滿應行撤囘所遺員缺查有分缺間用縣丞蔣繼應得輪委署藩憲定於本月初六七等日考試佐職各員○初四日浙江候補同知李曾裕嘉定籍來同知婁詩棠禀知憲委赴徐屬查案件直隷州敖式金禀知奉委洋務局差候補縣朱泰修試用府經歴李錫蕃請假赴松太措資縣丞鄭書翔從九李錫田均徒陽河工差竣回再探得新任制憲李大人巳於本月初一日由漢口登輪船赴金陵約於初十前可到之信,蘇省撫轅事宜 初三日吏部文選司主事施人鏡揚州人由京來同知朱焯請假赴江北措資又韋定楨禀知奉藩憲甄別候補縣章乃登禀辭赴滬新選蘇州府照磨余臨兆補太湖獄金棠均謝飭知赴任又婁縣縣丞趙應珪徒陽河工差竣囘並謝飭矢卽辭赴任試用理問梁文錫縣丞翁廷槐從九張光謙未入倪昌勳均銷徒陽河工差縣丞朱慶缷者無錫縣縣丞事囘藩轅牌示初三日署上海縣主志相署事期滿應行撤囘所遺員缺查有分缺間用縣丞蔣繼應得輪委署藩憲定於本月初六七等日考試佐職各員○初四日浙江候補同知李曾裕嘉定籍來同知婁詩棠禀知憲委赴徐屬查案件直隷州敖式金禀知奉委洋務局差候補縣朱泰修試用府經歴李錫蕃請假赴松太措資縣丞鄭書翔從九李錫田均徒陽河工差竣回再探得新任制憲李大人巳於本月初一日由漢口登輪船赴金陵約於初十前可到之信,2_drop_benbaoxun
constitutional,33,zhixian,39925,zhixian,4168,7_small_index,A2013020122369,SP,申報,1873-04-14,05,,清同治12年 日明治6年,清同治12年,日明治6年,,,,F,,蘇省撫轅事宜,本報訊,十一日直隸州敖式金銷木厰差同知婁詩棠稟辭委赴徐屬訪訉案件候補縣許子春上海囘銷假又汪恩培請假赴松滬就醫崇明縣貊司巡栓劉其順解秋審案件犯來○十二日前福建台灣提學道吳大廷上海來主薄簫瑗末入袁承恩均請假赴滬措資前浙江安吉縣典史曹廷佐江西籍來赴金陵江寗來信新任制憲李巳於本月初九日接印又撫憲張亦於初十日由金陵啟節前來江藩轅初六日牌示東臺縣缺以試用知縣梁得署理,蘇省撫轅事宜 十一日直隸州敖式金銷木厰差同知婁詩棠稟辭委赴徐屬訪訉案件候補縣許子春上海囘銷假又汪恩培請假赴松滬就醫崇明縣貊司巡栓劉其順解秋審案件犯來○十二日前福建台灣提學道吳大廷上海來主薄簫瑗末入袁承恩均請假赴滬措資前浙江安吉縣典史曹廷佐江西籍來赴金陵江寗來信新任制憲李巳於本月初九日接印又撫憲張亦於初十日由金陵啟節前來江藩轅初六日牌示東臺縣缺以試用知縣梁得署理,2_drop_benbaoxun
constitutional,34,zhixian,39924,zhixian,4167,7_small_index,A2013020122471,SP,申報,1873-04-18,05,,清同治12年 日明治6年,清同治12年,日明治6年,,,,F,,蘇省撫轅事宜,本報訊,十七日新任撫憲張之官眷本日已時過無錫前來天師張仁到蘇前陜西撫憲翁常熟來候補府方鴻銷善後報銷查卷差稟辭赴錫金厘局候補縣錢實青又甘澤宣均銷華亭塘工差廣東候補大使夏壽勤清江來從九龍爕榮赴皖迎接新制憲囘本月二十三日萬壽是日皷應穿朝服齊赴萬壽宮行慶賀禮自二十日起至二十六日止前後三日俱穿蟒袍補服掛珠從九馬時昌稟辭囘金陵,蘇省撫轅事宜 十七日新任撫憲張之官眷本日已時過無錫前來天師張仁到蘇前陜西撫憲翁常熟來候補府方鴻銷善後報銷查卷差稟辭赴錫金厘局候補縣錢實青又甘澤宣均銷華亭塘工差廣東候補大使夏壽勤清江來從九龍爕榮赴皖迎接新制憲囘本月二十三日萬壽是日皷應穿朝服齊赴萬壽宮行慶賀禮自二十日起至二十六日止前後三日俱穿蟒袍補服掛珠從九馬時昌稟辭囘金陵,2_drop_benbaoxun
constitutional,35,zhixian,39923,zhixian,4166,7_small_index,A2013020122619,SP,申報,1873-04-30,05,,清同治12年 日明治6年,清同治12年,日明治6年,,,,F,,蘇省撫轅事宜,本報訊,二十六日宫保彭於今日開行赴楚監運使銜山東補用道張爾藎隨撫憲來省記名總兵管帶太湖水師新昌營成永祥平望來候補府張宗軾海運滬局差竣囘川沙廳陳方瀛文卸囘省請咨赴都同知朱守和禀辭赴金陵見制憲吳縣高銷假主簿賀信標謝飭知咨補婁縣主簿缺縣丞孫炳奎又張道生從九俞昌穀又趙惟嶔均銷七浦河工差○二十七口藩轅牌示元和縣典史缺業經請以候補典史陸鏡泉谷補現奉部文准補應卽飭令赴任嘉定縣曾署新陽縣承均禀到又震澤縣李禀辭左營守俻沈廷蘭辭赴都准補泰興縣張詩候補縣王樁蔭均禀辭赴金陵從九李德慶解句容縣秋審人犯來又陳國玲金陵來,蘇省撫轅事宜 二十六日宫保彭於今日開行赴楚監運使銜山東補用道張爾藎隨撫憲來省記名總兵管帶太湖水師新昌營成永祥平望來候補府張宗軾海運滬局差竣囘川沙廳陳方瀛文卸囘省請咨赴都同知朱守和禀辭赴金陵見制憲吳縣高銷假主簿賀信標謝飭知咨補婁縣主簿缺縣丞孫炳奎又張道生從九俞昌穀又趙惟嶔均銷七浦河工差○二十七口藩轅牌示元和縣典史缺業經請以候補典史陸鏡泉谷補現奉部文准補應卽飭令赴任嘉定縣曾署新陽縣承均禀到又震澤縣李禀辭左營守俻沈廷蘭辭赴都准補泰興縣張詩候補縣王樁蔭均禀辭赴金陵從九李德慶解句容縣秋審人犯來又陳國玲金陵來,2_drop_benbaoxun
constitutional,36,zhixian,39922,zhixian,4165,7_small_index,A2013020122738,SP,申報,1873-05-09,05,,清同治12年 日明治6年,清同治12年,日明治6年,,,,F,,蘇省撫轅事宜,本報訊,初八日侯補府方鴻錫金煙局來同知朱守和命陵謁制憲回直隸州楊錫麒震澤騐工囘通判吳恩曜稟辭奉委解添建號舍銀兩赴金陵吳縣高察知奉委紫陽書院散巷委署常熟縣魏畮先謝委並銷總巡差候補縣祝寶森稟知赴金陵見制憲又劉承矩丹徒催提漕册囘縣丞褚成憲唸辦徒陽河工差竣囘未入李椿壽稟知牙厘局委辦蘇城絲捐差,蘇省撫轅事宜 初八日侯補府方鴻錫金煙局來同知朱守和命陵謁制憲回直隸州楊錫麒震澤騐工囘通判吳恩曜稟辭奉委解添建號舍銀兩赴金陵吳縣高察知奉委紫陽書院散巷委署常熟縣魏畮先謝委並銷總巡差候補縣祝寶森稟知赴金陵見制憲又劉承矩丹徒催提漕册囘縣丞褚成憲唸辦徒陽河工差竣囘未入李椿壽稟知牙厘局委辦蘇城絲捐差,2_drop_benbaoxun
constitutional,37,zhixian,39921,zhixian,4164,7_small_index,A2013020122764,SP,申報,1873-05-12,05,,清同治12年 日明治6年,清同治12年,日明治6年,,,,F,,蘇省撫辕事宜,本報訊,初九日儂補府方鴻稟辭囘錫金厘卡直隸州丁驤稟辭回瀏河厘卡試用理間章傑煥禀辭赴會陵謁制憲委暑靖江縣典史孫元堃禀辭赴任從九孫效金禀知牙厘局委帮辦武陽絲捐差未入程學伊禀辭奉委赴江都公幹直隸州松亭金陵來初十日直隷州黎廉昌禀辭奉委赴吳江會審案溧陽縣朱禀辭候補縣蘇升紀又呂鳴謙均禀辭囘松江又張景良禀辭赴丹徒越河差次又勞承慶常昭內河厘卡准補丹徒司檢許吉雲稟辭赴任從九周殿魁禀辭赴金陵見督憲楷發江蘇試用從九品陳宜荃浙江海鹽縣人稟到十一日藩轅牌示崇明縣縣丞汪守愚現奉行准部覆准其調補吳江縣縣丞令其赴任辦事等因所祟明縣縣丞趙炳章堪以委令署理太倉州吳禀到江陰縣顧山司廵檢高樹人禀到卽辭十二日泉憲應請假三日元和縣陽下鄕囘從九孫效金禀辭赴武陽絲捐差,蘇省撫辕事宜 初九日儂補府方鴻稟辭囘錫金厘卡直隸州丁驤稟辭回瀏河厘卡試用理間章傑煥禀辭赴會陵謁制憲委暑靖江縣典史孫元堃禀辭赴任從九孫效金禀知牙厘局委帮辦武陽絲捐差未入程學伊禀辭奉委赴江都公幹直隸州松亭金陵來初十日直隷州黎廉昌禀辭奉委赴吳江會審案溧陽縣朱禀辭候補縣蘇升紀又呂鳴謙均禀辭囘松江又張景良禀辭赴丹徒越河差次又勞承慶常昭內河厘卡准補丹徒司檢許吉雲稟辭赴任從九周殿魁禀辭赴金陵見督憲楷發江蘇試用從九品陳宜荃浙江海鹽縣人稟到十一日藩轅牌示崇明縣縣丞汪守愚現奉行准部覆准其調補吳江縣縣丞令其赴任辦事等因所祟明縣縣丞趙炳章堪以委令署理太倉州吳禀到江陰縣顧山司廵檢高樹人禀到卽辭十二日泉憲應請假三日元和縣陽下鄕囘從九孫效金禀辭赴武陽絲捐差,2_drop_benbaoxun
constitutional,38,zhixian,39920,zhixian,4163,7_small_index,A2013020122927,SP,申報,1873-05-23,05,,清同治12年 日明治6年,清同治12年,日明治6年,,,,F,,蘇省撫轅事宜,本報訊,十九日前福建興泉永道司徒緒辭行囘廣東藉知州依克機善禀辭奉藩憲委赴松屬守提豁免簿串差同知吴道南稟辭赴金陵見制憲准補丹陽縣呂城司巡檢姚慕崇奉江藩憲委解固本京餉來從九葉寶榮票辭委解囘秋審人犯赴祟明侯補縣劉照青赴常州府屬又丁廷鸞赴鎭江府屬又李渭赴太倉州屬均稟辭奉藩憲札委守提豁免簿串差○二十日候補道劉瑞芬上海來同知朱守和禀知太湖算交代結前候補同知翁慶龍上海來禀知丁母憂五品銜補用同知新選常州府督糧通判杜元福廣東南海縣人禀到候補府張保衡從九李煜均稟辭赴金陵見制憲通判張祥符丹徒驗收倉厫工程囘奉賢縣王震澤縣李均禀到委署常熟縣魏畮先稟辭赴任縣丞胡晋柱銷賫解浙江塘工經費委又甘耀森從九龍爕榮均銷秋審差唯補江陰縣典史王基謝飭知卽辭赴任探得前署臬憲勒於二十四日起程赴金陵,蘇省撫轅事宜 十九日前福建興泉永道司徒緒辭行囘廣東藉知州依克機善禀辭奉藩憲委赴松屬守提豁免簿串差同知吴道南稟辭赴金陵見制憲准補丹陽縣呂城司巡檢姚慕崇奉江藩憲委解固本京餉來從九葉寶榮票辭委解囘秋審人犯赴祟明侯補縣劉照青赴常州府屬又丁廷鸞赴鎭江府屬又李渭赴太倉州屬均稟辭奉藩憲札委守提豁免簿串差○二十日候補道劉瑞芬上海來同知朱守和禀知太湖算交代結前候補同知翁慶龍上海來禀知丁母憂五品銜補用同知新選常州府督糧通判杜元福廣東南海縣人禀到候補府張保衡從九李煜均稟辭赴金陵見制憲通判張祥符丹徒驗收倉厫工程囘奉賢縣王震澤縣李均禀到委署常熟縣魏畮先稟辭赴任縣丞胡晋柱銷賫解浙江塘工經費委又甘耀森從九龍爕榮均銷秋審差唯補江陰縣典史王基謝飭知卽辭赴任探得前署臬憲勒於二十四日起程赴金陵,2_drop_benbaoxun
constitutional,39,zhixian,39919,zhixian,4162,7_small_index,A2013020122957,SP,申報,1873-05-26,04,,清同治12年 日明治6年,清同治12年,日明治6年,,,,F,,蘇省撫轅事宜,本報訊,二十一日同知陳鴻詡稟知赴江北措資候補縣蒯光華禀辭囘滬准補藩司理問張性淵謝飭知赴任委署金壇縣典史何頌清禀辭赴任主簿賀信標從九陳金又呂炎未入李寶賢均銷秋番差藩轅牌示署丹陽縣典史吳景侃期滿以補用按司獄孚焜署理又署吳江汾湖司廵檢吳德耀期滿以試用從九錢斆泗署理○二十二日候補直隸州敖式金又胡璋均金陵見制憲囘同知王明萼稟辭赴金陵差委吳江縣萬到候補縣王鏞禀辭赴金陵見制憲兩淮候補鹽大使顧同坡海運滬局囘從九暴式昭稟辭解囘秋審人犯赴如皋,蘇省撫轅事宜 二十一日同知陳鴻詡稟知赴江北措資候補縣蒯光華禀辭囘滬准補藩司理問張性淵謝飭知赴任委署金壇縣典史何頌清禀辭赴任主簿賀信標從九陳金又呂炎未入李寶賢均銷秋番差藩轅牌示署丹陽縣典史吳景侃期滿以補用按司獄孚焜署理又署吳江汾湖司廵檢吳德耀期滿以試用從九錢斆泗署理○二十二日候補直隸州敖式金又胡璋均金陵見制憲囘同知王明萼稟辭赴金陵差委吳江縣萬到候補縣王鏞禀辭赴金陵見制憲兩淮候補鹽大使顧同坡海運滬局囘從九暴式昭稟辭解囘秋審人犯赴如皋,2_drop_benbaoxun
constitutional,40,zhixian,39918,zhixian,4161,7_small_index,A2013020123120,SP,申報,1873-06-10,05,,清同治12年 日明治6年,清同治12年,日明治6年,,,,F,,蘇省撫轅事宜,本報訊,初七日藩轅牌示鎮洋縣典史居錫現因患病未克前赴署任呈繳季札請另委接署等情所遺鎮洋縣典史有監獄之責查有分缺間用巡檢陳士垣堪以署理○初八日臬憲應大人起程赴寶山鎮洋等處勘海塘工程同知吳道南候補縣吳作霖均金陵見制憲囘又韓佩金稟辭奉藩憲委赴祟明公幹又吳觀樂卸署無錫縣事囘又王椿蔭稟辭奉委赴崑山公幹委署婁縣主簿婁湘謝委昭文縣白苑司巡檢葉景雲稟到卽辭○初九日前授臬憲李鴻裔大人辭行赴金陵貴州請餉委員同知樊葆光由黔省請領捐協餉來蘇准補金壇縣丁兆基稟辭赴任候補縣劉照青常屬提豁免傳串囘又陳官慶解餉赴都並引見囘又恩溥卸署鎮江府理事同知事囘又張衍疇稟知奉委兼辦保甲巡查差從九暴式昭解秋審人犯赴如皋囘又周作憲稟知聞訃丁交憂又王師凱解餉赴金陵囘直隸州吳朝龍寫知奉委兼保甲巡查差織造德官太太劉氏於本月二十日壽誕,蘇省撫轅事宜 初七日藩轅牌示鎮洋縣典史居錫現因患病未克前赴署任呈繳季札請另委接署等情所遺鎮洋縣典史有監獄之責查有分缺間用巡檢陳士垣堪以署理○初八日臬憲應大人起程赴寶山鎮洋等處勘海塘工程同知吳道南候補縣吳作霖均金陵見制憲囘又韓佩金稟辭奉藩憲委赴祟明公幹又吳觀樂卸署無錫縣事囘又王椿蔭稟辭奉委赴崑山公幹委署婁縣主簿婁湘謝委昭文縣白苑司巡檢葉景雲稟到卽辭○初九日前授臬憲李鴻裔大人辭行赴金陵貴州請餉委員同知樊葆光由黔省請領捐協餉來蘇准補金壇縣丁兆基稟辭赴任候補縣劉照青常屬提豁免傳串囘又陳官慶解餉赴都並引見囘又恩溥卸署鎮江府理事同知事囘又張衍疇稟知奉委兼辦保甲巡查差從九暴式昭解秋審人犯赴如皋囘又周作憲稟知聞訃丁交憂又王師凱解餉赴金陵囘直隸州吳朝龍寫知奉委兼保甲巡查差織造德官太太劉氏於本月二十日壽誕,2_drop_benbaoxun
constitutional,41,zhixian,39917,zhixian,4160,7_small_index,A2013020123384,SP,申報,1873-07-03,04,,清同治12年 日明治6年,清同治12年,日明治6年,,,,F,,蘇省撫轅事宜,本報訊,六月初一日新任織造毓大人到蘇候補同知劉廷璣稟知奉委赴吳江公幹分發卽補同知石師鑄浙江來候補縣于實之京口騐勘旗營並謁制憲囘又陳德喆銷解供布差並引見囘又陶錫恩由滬奉調甄別來省又茅紹祺江北查提案件囘縣丞吳德輝稟知奉水利局委閶胥門外雇募太鎮寶山塘工運石船隻差從九禁瀛銷太鎭塘工差,蘇省撫轅事宜 六月初一日新任織造毓大人到蘇候補同知劉廷璣稟知奉委赴吳江公幹分發卽補同知石師鑄浙江來候補縣于實之京口騐勘旗營並謁制憲囘又陳德喆銷解供布差並引見囘又陶錫恩由滬奉調甄別來省又茅紹祺江北查提案件囘縣丞吳德輝稟知奉水利局委閶胥門外雇募太鎮寶山塘工運石船隻差從九禁瀛銷太鎭塘工差,2_drop_benbaoxun
constitutional,42,zhixian,39916,zhixian,4159,7_small_index,A2013020123420,SP,申報,1873-07-07,03,,清同治12年 日明治6年,清同治12年,日明治6年,,,,F,,蘇省撫轅事宜,本報訊,藩憲初五日牌示吳江縣知縣沈錫華降訓遣缺查有候補知縣陳鵬堪以請補○初六日工部主事魯宗廷辭行進京候補府張炳生上海來福建候補同知祁兆熙辭行囘准補吳縣葛兆堂金陵見制憲奉江藩憲委帶解辦公恤囚銀兩囘,蘇省撫轅事宜 藩憲初五日牌示吳江縣知縣沈錫華降訓遣缺查有候補知縣陳鵬堪以請補○初六日工部主事魯宗廷辭行進京候補府張炳生上海來福建候補同知祁兆熙辭行囘准補吳縣葛兆堂金陵見制憲奉江藩憲委帶解辦公恤囚銀兩囘,2_drop_benbaoxun
constitutional,43,zhixian,39915,zhixian,4158,7_small_index,A2013020123460,SP,申報,1873-07-11,04,,清同治12年 日明治6年,清同治12年,日明治6年,,,,F,,蘇省撫轅事宜,本報訊,初七日新蘇州府知事贾延暉四川人分發試用丞允文浙江人六品顶戴補用從九李崑源廣東人均禀到藩轅牌示祟明縣丞汪守愚調補吳江縣丞所謂崇明丞缺查有常熟丞邵泮堪以調補震縣李稟到五品銜指分江蘇試用丞朱明道浙江人禀到○初八候補府張炳生稟回滬又蔣國楨鎮江上游厘卡來同知陳修齊稟奉委護送琉球貢使差候補沈偉田謝飭知奏補江陰缺又張紹文車坊厘卡來又呂廷宰禀辭奉委再催長吳新等縣俸廪银兩差府經丁志相缷署上海主簿事請補長洲縣丞朱澄元谢知准補從九張書鼎解秋審人犯赴句容囘制憲李大人於本月二十一日誕○初九日三品銜分針直隸候補府徐翰臣辭行囘滬通判何耀良請假赴滬挠曲资震澤李稟辭候補縣汪勳卸署金壇事囘又朱泰修木凟就醫囘卽辭赴金陵○十日候補府劉森盛澤厘卡來双方鴻錫金局來翰林院庶吉士黃崇惺辭行赴都兩淮候補鹽運判楊鼎楊州來昭文孫武進特均稟到候補縣章乃登震澤捐局來又汪根蘭黃渡來又趙沛然上海措资囘分發江蘇大挑試用知縣陽鎭廣西人禀到長洲縣主薄杳奉會俸滿騐看金陵謁制憲囘從九周子龐稟辭赴金陵見制憲,蘇省撫轅事宜 初七日新蘇州府知事贾延暉四川人分發試用丞允文浙江人六品顶戴補用從九李崑源廣東人均禀到藩轅牌示祟明縣丞汪守愚調補吳江縣丞所謂崇明丞缺查有常熟丞邵泮堪以調補震縣李稟到五品銜指分江蘇試用丞朱明道浙江人禀到○初八候補府張炳生稟回滬又蔣國楨鎮江上游厘卡來同知陳修齊稟奉委護送琉球貢使差候補沈偉田謝飭知奏補江陰缺又張紹文車坊厘卡來又呂廷宰禀辭奉委再催長吳新等縣俸廪银兩差府經丁志相缷署上海主簿事請補長洲縣丞朱澄元谢知准補從九張書鼎解秋審人犯赴句容囘制憲李大人於本月二十一日誕○初九日三品銜分針直隸候補府徐翰臣辭行囘滬通判何耀良請假赴滬挠曲资震澤李稟辭候補縣汪勳卸署金壇事囘又朱泰修木凟就醫囘卽辭赴金陵○十日候補府劉森盛澤厘卡來双方鴻錫金局來翰林院庶吉士黃崇惺辭行赴都兩淮候補鹽運判楊鼎楊州來昭文孫武進特均稟到候補縣章乃登震澤捐局來又汪根蘭黃渡來又趙沛然上海措资囘分發江蘇大挑試用知縣陽鎭廣西人禀到長洲縣主薄杳奉會俸滿騐看金陵謁制憲囘從九周子龐稟辭赴金陵見制憲,2_drop_benbaoxun
constitutional,44,zhixian,39914,zhixian,4157,7_small_index,A2013020123480,SP,申報,1873-07-14,04,,清同治12年 日明治6年,清同治12年,日明治6年,,,,F,,蘇省撫轅事宜,本報訊,十三日右春坊右中允馮桂芬木瀆來淮安府存葆禀到候補府方鴻囘無錫厘局又吳道中囘下游厘卡又劉懋森囘盛澤厘局均禀辭又張球稟辭赴金陵謁制憲同知陳家琮銷措資假禀知奉督憲委辦湖南鴨闌磯鹽卡差直隸州迮常五稟辭奉撫憲委赴上憲公幹同知銜江蘇候補知縣姚德鈞候補班前先補用知縣方紹會均安徽人俱引見囘江西候補縣汪嘉猷奉江西撫憲委提滬関代徵贑關絲稅銀兩來省候補縣章乃登稟辭囘震澤絲捐局又劉步瀛禀知奉委查勘華亭海塘差按司獄張志賢謝飭知捐陞提舉銜通判在任候選委署震譯縣縣丞王恩重請假赴松江措資,蘇省撫轅事宜 十三日右春坊右中允馮桂芬木瀆來淮安府存葆禀到候補府方鴻囘無錫厘局又吳道中囘下游厘卡又劉懋森囘盛澤厘局均禀辭又張球稟辭赴金陵謁制憲同知陳家琮銷措資假禀知奉督憲委辦湖南鴨闌磯鹽卡差直隸州迮常五稟辭奉撫憲委赴上憲公幹同知銜江蘇候補知縣姚德鈞候補班前先補用知縣方紹會均安徽人俱引見囘江西候補縣汪嘉猷奉江西撫憲委提滬関代徵贑關絲稅銀兩來省候補縣章乃登稟辭囘震澤絲捐局又劉步瀛禀知奉委查勘華亭海塘差按司獄張志賢謝飭知捐陞提舉銜通判在任候選委署震譯縣縣丞王恩重請假赴松江措資,2_drop_benbaoxun
constitutional,45,zhixian,39913,zhixian,4156,7_small_index,A2013020123493,SP,申報,1873-07-15,04,,清同治12年 日明治6年,清同治12年,日明治6年,,,,F,,蘇省撫轅事宜,本報訊,十四日撫憲張今日在五龍神廟祈兩並断屠宰同知唐翰題稟辭赴金陵謁制憲通判盧宗清奉賢查騐倉厫囘江西候補縣汪嘉猷禀辭赴滬兩淮塩運通判楊鼎鼐稟辭赴揚州候補縣李萱慶禀辭囘松江工次又劉仟江北來又呂廷宰吳常新三邑催提俸稟銀兩囘寳山縣縣丞趙繼昌禀辭准補昭文縣主簿方宏璋謝飭知赴任○十五日淮安府存辭同知劉廷幾吳江公幹回坐催捐餉委員貴州候補知州彭城禀辭赴都候補縣謝延庚南匯勘地並提人証囘又錢寶淸禀謝海塘保舉咨補鎭江府知事胡彭齡謝飭知卽辭赴任縣丞吳守誥禀辭囘江北從九王世藻稟辭赴部驗看江藩轅初二日牌示阜寗縣缺以正任沈國翰囘任淮揚道缺已委候補道王翬翎署理,蘇省撫轅事宜 十四日撫憲張今日在五龍神廟祈兩並断屠宰同知唐翰題稟辭赴金陵謁制憲通判盧宗清奉賢查騐倉厫囘江西候補縣汪嘉猷禀辭赴滬兩淮塩運通判楊鼎鼐稟辭赴揚州候補縣李萱慶禀辭囘松江工次又劉仟江北來又呂廷宰吳常新三邑催提俸稟銀兩囘寳山縣縣丞趙繼昌禀辭准補昭文縣主簿方宏璋謝飭知赴任○十五日淮安府存辭同知劉廷幾吳江公幹回坐催捐餉委員貴州候補知州彭城禀辭赴都候補縣謝延庚南匯勘地並提人証囘又錢寶淸禀謝海塘保舉咨補鎭江府知事胡彭齡謝飭知卽辭赴任縣丞吳守誥禀辭囘江北從九王世藻稟辭赴部驗看江藩轅初二日牌示阜寗縣缺以正任沈國翰囘任淮揚道缺已委候補道王翬翎署理,2_drop_benbaoxun
constitutional,46,zhixian,39912,zhixian,4155,7_small_index,A2013020123540,SP,申報,1873-07-19,04,,清同治12年 日明治6年,清同治12年,日明治6年,,,,F,,蘇省撫轅事宜,本報訊,十八日按察使銜分發候補道潘觀保辭行進京直隸州廖綸陵見制憲囘同知何瑞元候補縣陶錫恩又張荃均禀囘滬又吳兆楣销軍火局差又黃章雲上海楷资囘又吳作霖龍潭取水囘調吳江縣縣丞汪守愚交缷崇明縣縣丞事囘分發試用縣丞叚季珍山西人稟到○十九日委催蘇浙協餉按察使銜雲南補用道廖士彥雲南來道員用刑部學習卽中章玗自徽籍來赴都通判顧霄漢謝飭知勞績前先拔州縣一次正任常熟縣丞邵泮禀謝調補崇明縣丞赴金陵藩轅牌示新選常州府督糧通判杜元福巳據禀報到省應卽飭令赴任,蘇省撫轅事宜 十八日按察使銜分發候補道潘觀保辭行進京直隸州廖綸陵見制憲囘同知何瑞元候補縣陶錫恩又張荃均禀囘滬又吳兆楣销軍火局差又黃章雲上海楷资囘又吳作霖龍潭取水囘調吳江縣縣丞汪守愚交缷崇明縣縣丞事囘分發試用縣丞叚季珍山西人稟到○十九日委催蘇浙協餉按察使銜雲南補用道廖士彥雲南來道員用刑部學習卽中章玗自徽籍來赴都通判顧霄漢謝飭知勞績前先拔州縣一次正任常熟縣丞邵泮禀謝調補崇明縣丞赴金陵藩轅牌示新選常州府督糧通判杜元福巳據禀報到省應卽飭令赴任,2_drop_benbaoxun
constitutional,47,zhixian,39911,zhixian,4154,7_small_index,A2013020123553,SP,申報,1873-07-21,04,,清同治12年 日明治6年,清同治12年,日明治6年,,,,F,,蘇省撫轅事宜,本報訊,二十日直隸州孫玉堂又王德均禀辭囘滬通判戴文佐請假赴滬措資候補縣周邦慶禀知奉藩憲委赴南匯騐積穀差又金奎光稟知奉江藩憲飭知河運保舉同知直隸州又龔寶琦禀知奉藩委赴常公幹又陸嗣齡稟辭赴金陵謁制憲長洲縣主簿查奉曾奉飭囘任禀知接印代理長洲縣主簿黄履坤禀知交缷二十一日藩轅牌示署寶山縣張振陛因病請假造缺查有補用通判敖式金堪以酌委署理,蘇省撫轅事宜 二十日直隸州孫玉堂又王德均禀辭囘滬通判戴文佐請假赴滬措資候補縣周邦慶禀知奉藩憲委赴南匯騐積穀差又金奎光稟知奉江藩憲飭知河運保舉同知直隸州又龔寶琦禀知奉藩委赴常公幹又陸嗣齡稟辭赴金陵謁制憲長洲縣主簿查奉曾奉飭囘任禀知接印代理長洲縣主簿黄履坤禀知交缷二十一日藩轅牌示署寶山縣張振陛因病請假造缺查有補用通判敖式金堪以酌委署理,2_drop_benbaoxun
constitutional,48,zhixian,39910,zhixian,4153,7_small_index,A2013020123691,SP,申報,1873-07-31,04,,清同治12年 日明治6年,清同治12年,日明治6年,,,,F,,蘇省撫轅事宜,本報訊,閏六月初一日候補府張球金陵見制憲囘又方鴻稟辭囘錫金釐局直隸州常五上海公幹回分發江爲試用同知汪鼎安徽人稟到委辦洋務直隸州用卽補縣孫士逵上海來候補縣許子春請個赴滬就醫又季徵槐稟辭奉糧道憲委赴武陽提欠解漕項又王椿蔭稟辭委赴江北公幹委署震澤縣縣丞王恩重松江措資囘試用理間婁湘奉飭知毋庸往赴婁縣主簿署任補用縣丞爲昭煒稟知奉松太道憲札飭留滬差遣卽辭初二日候補縣徐炳奎謝委代理荊溪縣事又先聲先稟辭奉撫憲委解軍火赴直隸主簿徐燮稟知丁母憂,蘇省撫轅事宜 閏六月初一日候補府張球金陵見制憲囘又方鴻稟辭囘錫金釐局直隸州常五上海公幹回分發江爲試用同知汪鼎安徽人稟到委辦洋務直隸州用卽補縣孫士逵上海來候補縣許子春請個赴滬就醫又季徵槐稟辭奉糧道憲委赴武陽提欠解漕項又王椿蔭稟辭委赴江北公幹委署震澤縣縣丞王恩重松江措資囘試用理間婁湘奉飭知毋庸往赴婁縣主簿署任補用縣丞爲昭煒稟知奉松太道憲札飭留滬差遣卽辭初二日候補縣徐炳奎謝委代理荊溪縣事又先聲先稟辭奉撫憲委解軍火赴直隸主簿徐燮稟知丁母憂,2_drop_benbaoxun
constitutional,49,zhixian,39909,zhixian,4152,7_small_index,A2013020123704,SP,申報,1873-08-01,04,,清同治12年 日明治6年,清同治12年,日明治6年,,,,F,,蘇省撫轅事宜,本報訊,初三日松江府楊稟辭提標金山營遊擊記名遇缺題癸縂兵程廷傑金陵來赴任川沙廳陳方瀛稟辭囘任同知唐翰題金陵謁制憲囘又閔寶樑上海措資回又王葆昌請假赴江北措資知州馬松笙江北囘准補震澤縣縣丞殷以恕奉飭知赴任又婁縣主簿賀信標稟辭赴任縣丞蘇式南稟知奉府委代理崑山縣石浦司巡檢事從九王華齡金陵囘又李煜稟知奉府委代理新陽縣巴城司廵檢事○藩轅牌示宜興縣縣丞黃海瑞在任病故遺缺以補用府經歷鄧宗福署理又署陽湖縣圭簿施立鏞期滿以試用府經歷関金生署理又南匯縣縣丞潘瑩期滿以分缺先用布庫大使王炳年署理又陽湖縣典史朱甲榮期滿以補用從九品上傳經著理青浦縣新涇司廵檢趙鑑告終養開缺以試用廵檢趙亦秋署理代理塩廵道袁保慶病故出缺已委在任候補遣劉秉厚署理,蘇省撫轅事宜 初三日松江府楊稟辭提標金山營遊擊記名遇缺題癸縂兵程廷傑金陵來赴任川沙廳陳方瀛稟辭囘任同知唐翰題金陵謁制憲囘又閔寶樑上海措資回又王葆昌請假赴江北措資知州馬松笙江北囘准補震澤縣縣丞殷以恕奉飭知赴任又婁縣主簿賀信標稟辭赴任縣丞蘇式南稟知奉府委代理崑山縣石浦司巡檢事從九王華齡金陵囘又李煜稟知奉府委代理新陽縣巴城司廵檢事○藩轅牌示宜興縣縣丞黃海瑞在任病故遺缺以補用府經歷鄧宗福署理又署陽湖縣圭簿施立鏞期滿以試用府經歷関金生署理又南匯縣縣丞潘瑩期滿以分缺先用布庫大使王炳年署理又陽湖縣典史朱甲榮期滿以補用從九品上傳經著理青浦縣新涇司廵檢趙鑑告終養開缺以試用廵檢趙亦秋署理代理塩廵道袁保慶病故出缺已委在任候補遣劉秉厚署理,2_drop_benbaoxun
constitutional,50,zhixian,39908,zhixian,4151,7_small_index,A2013020123937,SP,申報,1873-08-20,04,,清同治12年 日明治6年,清同治12年,日明治6年,,,,F,,蘇省撫轅事宜,本報訊,十九日候補縣劉步瀛稟辭奉委赴無錫常州丹陽等處查勘河道府經歷李廷桂上海解餉來○二十日撫憲張大人因得雨今晨赴祈雨各壇謝神候補縣鮑敷佑稟知奉委接辦西路縂廵保甲差又張墀稟辭委赴崑新量騐穀石差又白純一稟知奉委代辦江陰厘捐差直州同徐錦華稟知奉頒部照改捐知縣又徐光祖請假赴滬就醫縣丞何霽光上海來趙季珍稟辭赴金陵見制憲○二十一日辛未翰林院庶吉士孫汝贊浙江藉來同知王廷訓上海就醫囘准補震澤縣縣丞殷以恕銷齊門水關盤查並中路保甲廵查差縣丞何霽光稟辭回滬藩轅牌示署吳江縣典史何楨期滿以本班儘先前廵檢趙振聲署理又署武進縣奔牛司巡檢項大猷期滿以試用未入丁昌松署理又署太倉甘草司廵檢何式金期滿以試用從九吳翰署理○二十二日前任織造德壽辭行進京定於二十四日起程候補府崔繩祖稟奉撫憲委赴無錫公幹准補丹徒縣馮壽鏡溧陽工竣囘,蘇省撫轅事宜 十九日候補縣劉步瀛稟辭奉委赴無錫常州丹陽等處查勘河道府經歷李廷桂上海解餉來○二十日撫憲張大人因得雨今晨赴祈雨各壇謝神候補縣鮑敷佑稟知奉委接辦西路縂廵保甲差又張墀稟辭委赴崑新量騐穀石差又白純一稟知奉委代辦江陰厘捐差直州同徐錦華稟知奉頒部照改捐知縣又徐光祖請假赴滬就醫縣丞何霽光上海來趙季珍稟辭赴金陵見制憲○二十一日辛未翰林院庶吉士孫汝贊浙江藉來同知王廷訓上海就醫囘准補震澤縣縣丞殷以恕銷齊門水關盤查並中路保甲廵查差縣丞何霽光稟辭回滬藩轅牌示署吳江縣典史何楨期滿以本班儘先前廵檢趙振聲署理又署武進縣奔牛司巡檢項大猷期滿以試用未入丁昌松署理又署太倉甘草司廵檢何式金期滿以試用從九吳翰署理○二十二日前任織造德壽辭行進京定於二十四日起程候補府崔繩祖稟奉撫憲委赴無錫公幹准補丹徒縣馮壽鏡溧陽工竣囘,2_drop_benbaoxun
...,...,...,...,...,...,...,...,...,...,...,...,...,...,...,...,...,...,...,...,...,...,...,...,...,...
constitutional,33464,xianfa,7241,xianfa,38,7_small_index,A2013040225557,SP,申報,1949-05-03,02,,民國38年 日昭和24年,民國38年,日昭和24年,,,,F,,社論 印度的新地位 英國政府在倫敦召開的帝國聯邦總理會議閉幕後，即將於上月廿七日發表公報稱：「印度政府已通知各聯邦政府，全國人民希望印度在行將實施的新憲法下能成為一獨立自主的共和國，但仍願在聯邦之內，繼續爲聯邦的一份子；且願接受英王爲聯邦的首長」。從此，印度的法理地位，即可完全確定，印度不復有英國政府任命的總督，且不復以英國的樞密院爲其高司法機關，而將爲一獨立自主的共和國，盡在名義上承認鷹王爲其首長而已。印度新地位的確立，不能不說是印度總理尼赫魯努力的結果，國民大會黨對於此次會議圓滿結束，咸表滿意，尤其對於印度獲得新的法理地位，更加表示熱烈歡迎。英印關係的合理調整，實爲亞洲安定的一個重要因素，我們站在鄰國的地位，對於鄰國將成爲獨立自主的共和國，自應表示無限的欣慰。 這次會議的主題，英國召開此次會議的動機，也就是要確定印度的法理地位，是否仍在不列顛聯邦的範圍之內。所以，在此次聯邦會議開幕的前夕，印度人民固然非常關切自己祖國的命運，就是英國朝野對於未來的英印關係，也莫不予以重視。例如自由黨的「新聞紀事報」盼望應印雙方仍作有效的合作，對於防止共產勢力在亞洲造成份裂局勢所必要的。保守黨的「每日電闻報」也說，如果印度認爲必須退出聯邦，則此事對於英印雙方均屬不利。英國輿論界重視印度，亦可想見。 在印度方面，尼赫魯總理曾於赴英之前，向印度議會提出兩項建議：,一,承認印度人民具有雙當國籍，即同時爲印度共和國及英帝國的公民；〔二〕印度獨立以後與帝國繼續保持聯聚。同時，國民大會黨也會舉行秘密會議，討論印度在英帝國會議中爭取獨立的問題。據說，國大黨也有兩種不同的意見。一是主張印度——完全脫離英帝國的羈絆，成爲獨立的共和國；另一則主張印度即使實施印度共和國的新憲法，仍應參加英帝國，尼赫魯便持這個意見。 印度爲亞洲的大國，也是具有悠久歷史和文化的古國。印度的歷史光怪陸離，無奇不有，實爲一部舊時代的歷史；新歷史的開始，則起自一九四七年八月十五日起。就印度歷時約可分爲三段：自亞利安人移民印度產生婆羅門教，至公元三二〇年笈多王朝開始的七百年，是由原始游牧到封建皇權及教權建立時期；至公元一五二六年接巴達立據蒙古朝以後二百數十年，是封建蒙古王朝侵入印度開始封建割據時期；一七五七年普希拉戰克萊武，奠定東印度公司獨霸勢力以後，直到一九四七年，是英帝國侵略統治印度時期。在舊印度的世紀中，印度人民遭受的是壓迫，分割，剝削：雖然舊印度歷史文化的發揚，產生了許多宗教家思想家和哲學家；但他們並未能拯救印度人民。在舊印度真能爲人民奮鬥。解除英帝國束縛的革命家政治家，要算甘地，尼赫魯師徒二人。甘地的一生，爲結束舊印度而奮鬥，他赤裸裸而來，赤裸裸而去，一生光明磊落。尼赫魯的一生，也爲創立新印度而奮鬥，一九四七年八月十五日後的印度，就是在尼赫魯領導下的半獨立半自由的新印度。 新印度的誕生已一年半，在地位上，它只是形式上的獨立，並未獲得真正的獨立；更由於印回的分治，巴基斯坦的崛起，把整個印度分裂成兩塊，印度聯邦與巴基斯坦在英帝國「分而治之」的作用下，依然得不到自己的獨立，充其量也不過能說英帝國二百年來的通知告一段落而已。但在政治上，軍事上，尤其是在經濟上，依然受到牽絆和束縛。說到國內，尼赫魯領導下的新印度，一年半以來確乎有了若干成就，除了經濟恐慌，人民貧弱諸現象，未能予以克服外，他如新印度領土上的確定與擴張，以及新印度國際地位的提高，和他兩次召集亞洲會議的成功，無疑的，象徵新印度已成為亞洲大陸的大國了。 不過，這個大國迄今還有兩種苦悶：一是印度人民都希望印度能獲得真正的完全獨立。在經濟上也要不受英鎊的支配；對於後來居上的美圓勢力，尤爲恐懼，他們深慮舊的奴役尚未結果；而新的奴役又枷鎖在頭上。這是一種苦悶。其次，尼赫魯對亞洲的雄才大略，處處表現具有領導亞洲的野心，可是印度自身尚無完全獨立自由，阻撓了他雄壯的抱負。尼赫魯的思想是一種改良主義的思想，妥協性很濃厚，他躍登權位以後，處處有力不從心之感。但印度人民普遍要求獨立，連國大黨內部也有許多人要求新憲法的印度共和國，能實際成爲獨立自由的國家，尼赫魯此行的結果，仍難滿足一般印度人民的願望。 英帝國聯邦總理會議的召開，是大西洋公約締造後的一件大事。尼赫魯近對每日郵報記者說：如果世界大戰爆發，印度未必參戰。這表示印度對於國際戰爭的厭惡；但印度如不能獲得真正的獨立自由，則印度仍是不能避免戰爭。現在，會議已經結束，印度仍在聯邦範圍之內，尼赫魯將如何履行其諾言呢：英人稱道此次會議的圓滿結束，歸功於英相艾德禮個人的勝利，實含有深刻的意義；換句話說，英相的勝利，就是尼赫魯的失敗；印度人民對於這次會議的結果，終不免表示失望吧」？,社論 印度的新地位 英國政府在倫敦召開的帝國聯邦總理會議閉幕後，即將於上月廿七日發表公報稱：「印度政府已通知各聯邦政府，全國人民希望印度在行將實施的新憲法下能成為一獨立自主的共和國，但仍願在聯邦之內，繼續爲聯邦的一份子；且願接受英王爲聯邦的首長」。從此，印度的法理地位，即可完全確定，印度不復有英國政府任命的總督，且不復以英國的樞密院爲其高司法機關，而將爲一獨立自主的共和國，盡在名義上承認鷹王爲其首長而已。印度新地位的確立，不能不說是印度總理尼赫魯努力的結果，國民大會黨對於此次會議圓滿結束，咸表滿意，尤其對於印度獲得新的法理地位，更加表示熱烈歡迎。英印關係的合理調整，實爲亞洲安定的一個重要因素，我們站在鄰國的地位，對於鄰國將成爲獨立自主的共和國，自應表示無限的欣慰。 這次會議的主題，英國召開此次會議的動機，也就是要確定印度的法理地位，是否仍在不列顛聯邦的範圍之內。所以，在此次聯邦會議開幕的前夕，印度人民固然非常關切自己祖國的命運，就是英國朝野對於未來的英印關係，也莫不予以重視。例如自由黨的「新聞紀事報」盼望應印雙方仍作有效的合作，對於防止共產勢力在亞洲造成份裂局勢所必要的。保守黨的「每日電闻報」也說，如果印度認爲必須退出聯邦，則此事對於英印雙方均屬不利。英國輿論界重視印度，亦可想見。 在印度方面，尼赫魯總理曾於赴英之前，向印度議會提出兩項建議： 一 承認印度人民具有雙當國籍，即同時爲印度共和國及英帝國的公民；〔二〕印度獨立以後與帝國繼續保持聯聚。同時，國民大會黨也會舉行秘密會議，討論印度在英帝國會議中爭取獨立的問題。據說，國大黨也有兩種不同的意見。一是主張印度——完全脫離英帝國的羈絆，成爲獨立的共和國；另一則主張印度即使實施印度共和國的新憲法，仍應參加英帝國，尼赫魯便持這個意見。 印度爲亞洲的大國，也是具有悠久歷史和文化的古國。印度的歷史光怪陸離，無奇不有，實爲一部舊時代的歷史；新歷史的開始，則起自一九四七年八月十五日起。就印度歷時約可分爲三段：自亞利安人移民印度產生婆羅門教，至公元三二〇年笈多王朝開始的七百年，是由原始游牧到封建皇權及教權建立時期；至公元一五二六年接巴達立據蒙古朝以後二百數十年，是封建蒙古王朝侵入印度開始封建割據時期；一七五七年普希拉戰克萊武，奠定東印度公司獨霸勢力以後，直到一九四七年，是英帝國侵略統治印度時期。在舊印度的世紀中，印度人民遭受的是壓迫，分割，剝削：雖然舊印度歷史文化的發揚，產生了許多宗教家思想家和哲學家；但他們並未能拯救印度人民。在舊印度真能爲人民奮鬥。解除英帝國束縛的革命家政治家，要算甘地，尼赫魯師徒二人。甘地的一生，爲結束舊印度而奮鬥，他赤裸裸而來，赤裸裸而去，一生光明磊落。尼赫魯的一生，也爲創立新印度而奮鬥，一九四七年八月十五日後的印度，就是在尼赫魯領導下的半獨立半自由的新印度。 新印度的誕生已一年半，在地位上，它只是形式上的獨立，並未獲得真正的獨立；更由於印回的分治，巴基斯坦的崛起，把整個印度分裂成兩塊，印度聯邦與巴基斯坦在英帝國「分而治之」的作用下，依然得不到自己的獨立，充其量也不過能說英帝國二百年來的通知告一段落而已。但在政治上，軍事上，尤其是在經濟上，依然受到牽絆和束縛。說到國內，尼赫魯領導下的新印度，一年半以來確乎有了若干成就，除了經濟恐慌，人民貧弱諸現象，未能予以克服外，他如新印度領土上的確定與擴張，以及新印度國際地位的提高，和他兩次召集亞洲會議的成功，無疑的，象徵新印度已成為亞洲大陸的大國了。 不過，這個大國迄今還有兩種苦悶：一是印度人民都希望印度能獲得真正的完全獨立。在經濟上也要不受英鎊的支配；對於後來居上的美圓勢力，尤爲恐懼，他們深慮舊的奴役尚未結果；而新的奴役又枷鎖在頭上。這是一種苦悶。其次，尼赫魯對亞洲的雄才大略，處處表現具有領導亞洲的野心，可是印度自身尚無完全獨立自由，阻撓了他雄壯的抱負。尼赫魯的思想是一種改良主義的思想，妥協性很濃厚，他躍登權位以後，處處有力不從心之感。但印度人民普遍要求獨立，連國大黨內部也有許多人要求新憲法的印度共和國，能實際成爲獨立自由的國家，尼赫魯此行的結果，仍難滿足一般印度人民的願望。 英帝國聯邦總理會議的召開，是大西洋公約締造後的一件大事。尼赫魯近對每日郵報記者說：如果世界大戰爆發，印度未必參戰。這表示印度對於國際戰爭的厭惡；但印度如不能獲得真正的獨立自由，則印度仍是不能避免戰爭。現在，會議已經結束，印度仍在聯邦範圍之內，尼赫魯將如何履行其諾言呢：英人稱道此次會議的圓滿結束，歸功於英相艾德禮個人的勝利，實含有深刻的意義；換句話說，英相的勝利，就是尼赫魯的失敗；印度人民對於這次會議的結果，終不免表示失望吧」？,5_plain_merge
constitutional,33465,xianfa,7242,xianfa,39,7_small_index,A2013040225565,SP,申報,1949-05-03,02,,民國38年 日昭和24年,民國38年,日昭和24年,,,,F,,盟軍對日嚴厲軍事管制 已變爲友誼指導 麥帥在新日本誕生記念日宣布,聯合社東京二日電,麥帥今日於日本新憲法公布二週年紀念發表聲明稱，盟國在波茨坦會議所揭 之目的，其要點多未完成，日本亦能忠勤履行其義務。盟軍所以至今未撤，並非日本之過，乃由於其無力控制外界之情形。盟軍佔領已由嚴厲之軍事管制，變為保戶勢力之友誼指導。此過渡時期將隨日本担負自治責任之能力而繼續迅速進展。惟日人應嚴防不信人類智慧，妨書個人尊嚴，及嚴制個人自由之槪念侵變。此爲新日本誕生之二週紀念，須知人類目的，未有較保衛憲法賦予之權力最大者，日本於此當可確保其安靜，而有秩序之進步。,盟軍對日嚴厲軍事管制 已變爲友誼指導 麥帥在新日本誕生記念日宣布 聯合社東京二日電 麥帥今日於日本新憲法公布二週年紀念發表聲明稱，盟國在波茨坦會議所揭 之目的，其要點多未完成，日本亦能忠勤履行其義務。盟軍所以至今未撤，並非日本之過，乃由於其無力控制外界之情形。盟軍佔領已由嚴厲之軍事管制，變為保戶勢力之友誼指導。此過渡時期將隨日本担負自治責任之能力而繼續迅速進展。惟日人應嚴防不信人類智慧，妨書個人尊嚴，及嚴制個人自由之槪念侵變。此爲新日本誕生之二週紀念，須知人類目的，未有較保衛憲法賦予之權力最大者，日本於此當可確保其安靜，而有秩序之進步。,5_plain_merge
constitutional,33466,lixian,2,lixian,2,7_small_index,A2013040225655,SP,申報,1949-05-04,01,,民國38年 日昭和24年,民國38年,日昭和24年,,,,F,,「五四」運動的認識 中央文運會主委張道藩發表文告,中央社廣州三日電,中央文化運動委員會主任委員張道藩氏，頃發表「五四」運動的認識一文，茲節錄如次： 「五四運動是中國近代革命史上最有光輝的一頁，我們年年紀念「五四」，年年應有反省。 「五四」運動的遠因，是三民主義文化思潮所鼓動淘鑄的，清廷腐化之後，一般知識份子多感於國家民族的危機，奮發而起，爲自救運動，康有爲的公車上書，號召士大夫份子起而議政，其結果乃有維新。惟因當時運動的目標，走錯了君主立憲的歧路，而參加此一運動的份子，又僅爲士大夫之流，未曾普及於名階級的智識份子，故而此一運動，不久卽歸於失敗。總理因揭三民主義的大旗，以介國民革命，方向旣極端正確，復以黨人宣傳之深入，故能普及於各階層的人士，於是智識青年及思想界領導人物，咸能有革命的自覺，流波所及，遂演成光輝史乘的「五四」運動。故卽今而紀念「五四」，吾人不能不飲水思源，應爲三民主義而盡其最大的努力。 「五四」運動的本質，最初是由於軍事運動，倡導的人是曾國藩·左宗棠·李鴻章輩，其目的是造大砲，練海軍，設船帆等，此卽當時所謂洋務運動者。但軍事僅爲政治之一部門，政治旣未革新，故軍事亦無結果，而當時搜括的軍費，乃徒用之頤和園的奢豪。新軍事運動失敗之後，遂有康有爲·梁啟超等的新政治運動，欲以君主立憲的神符，挽救清廷的末運。但政治不能與民生脫離，亦不能與文化脫節，不革新文化而欲革新政治，那是徒勞無功的。所以總理批評以上兩個運動，都是不揣其本而齊其末的辦法，因而創爲三民主義新文化運動，期使政治革命與社會革命畢其功於一役。五四運動發生之後，總理即爲之正名，說·這是一 新文化運動·，只有這一新文化運動展開了，而後國民革命乃能加速度的發展。故即今而紀念五四，應知救亡圖存運動，實以新文化運動爲其根本。乃近年以來，共產黨徒另搬出一套新經濟運動的理論，此即所謂經濟史觀或難物史觀者。姑無論他們的行動，只表現生產的大破壞縱無經濟的新建設，這已是名實不符了。縱使目前共產黨徒有若干軍事上的僥倖，但其終結，亦必隨文化上之失敗而歸於毀滅。而所謂新經濟運動，亦必重蹈新軍事運動，新政治運動的覆轍。五四運動的口號，是科學和民主，在此科學和民主的兩面大話之下，造成整個學術和社會的新風氣，時至今日，科學和民主已遇着極大的危機，科學是反教條的，但共產黨則以馬列主義爲聖經，民主是反專制的，但共產黨徒則欲盡趨國民於專制的鐵幕之內，果眞共產黨徒能有一時的僥倖，則我們科學和民主運動，勢將倒退數十年，這眞是文化的大厄運。我們要紀念「五四」，必須重揭科學民主之大旗，與共產黨徒的教條主義和極權政體奮鬥到底。 最後，「五四」運動的直接導因，是外抗侵略，內除軍閥的。因爲智識青年所發的正義恐嚇，使北洋軍閥不能不改變其賣國的外交，此事史乘具在，毋須贅述。惟吾人不能不有所慨嘆的。就是時至今日，共產黨的新軍閥，正勾結新侵略主義，以奴役我民族和國家。在「五四」的當時，智識青年尙能不異犧牲，奔走呼號，與軍閥及侵略主義者相搏鬥，而時至今日，則對於此種新軍閥和新侵略主義者，盡其沉默，容忍，屈服之能事，其尤甚者，更震懾於暴力的淫威，支援於盧布的誘惑，從而對此新軍閥與侵略主義者，爲之作違心的宣傳，或甘心供其指示，竟淪爲第五縱隊的爪牙，而不知恥辱。現在正義的呼聲，已經消沉了，我們於紀念五四之餘，應當喚起五四運動的靈魂，重新拿出民族主義的大旗，向新軍閥的共產黨徒，和新侵略的共產主義，作徹底的反擊。智識青年們，這是我們一起奮鬥的時候了，我們的民族永不會奴役，國家決不會滅亡，最後的努力，一定獲得最後的勝利。,「五四」運動的認識 中央文運會主委張道藩發表文告 中央社廣州三日電 中央文化運動委員會主任委員張道藩氏，頃發表「五四」運動的認識一文，茲節錄如次： 「五四運動是中國近代革命史上最有光輝的一頁，我們年年紀念「五四」，年年應有反省。 「五四」運動的遠因，是三民主義文化思潮所鼓動淘鑄的，清廷腐化之後，一般知識份子多感於國家民族的危機，奮發而起，爲自救運動，康有爲的公車上書，號召士大夫份子起而議政，其結果乃有維新。惟因當時運動的目標，走錯了君主立憲的歧路，而參加此一運動的份子，又僅爲士大夫之流，未曾普及於名階級的智識份子，故而此一運動，不久卽歸於失敗。總理因揭三民主義的大旗，以介國民革命，方向旣極端正確，復以黨人宣傳之深入，故能普及於各階層的人士，於是智識青年及思想界領導人物，咸能有革命的自覺，流波所及，遂演成光輝史乘的「五四」運動。故卽今而紀念「五四」，吾人不能不飲水思源，應爲三民主義而盡其最大的努力。 「五四」運動的本質，最初是由於軍事運動，倡導的人是曾國藩·左宗棠·李鴻章輩，其目的是造大砲，練海軍，設船帆等，此卽當時所謂洋務運動者。但軍事僅爲政治之一部門，政治旣未革新，故軍事亦無結果，而當時搜括的軍費，乃徒用之頤和園的奢豪。新軍事運動失敗之後，遂有康有爲·梁啟超等的新政治運動，欲以君主立憲的神符，挽救清廷的末運。但政治不能與民生脫離，亦不能與文化脫節，不革新文化而欲革新政治，那是徒勞無功的。所以總理批評以上兩個運動，都是不揣其本而齊其末的辦法，因而創爲三民主義新文化運動，期使政治革命與社會革命畢其功於一役。五四運動發生之後，總理即爲之正名，說·這是一 新文化運動·，只有這一新文化運動展開了，而後國民革命乃能加速度的發展。故即今而紀念五四，應知救亡圖存運動，實以新文化運動爲其根本。乃近年以來，共產黨徒另搬出一套新經濟運動的理論，此即所謂經濟史觀或難物史觀者。姑無論他們的行動，只表現生產的大破壞縱無經濟的新建設，這已是名實不符了。縱使目前共產黨徒有若干軍事上的僥倖，但其終結，亦必隨文化上之失敗而歸於毀滅。而所謂新經濟運動，亦必重蹈新軍事運動，新政治運動的覆轍。五四運動的口號，是科學和民主，在此科學和民主的兩面大話之下，造成整個學術和社會的新風氣，時至今日，科學和民主已遇着極大的危機，科學是反教條的，但共產黨則以馬列主義爲聖經，民主是反專制的，但共產黨徒則欲盡趨國民於專制的鐵幕之內，果眞共產黨徒能有一時的僥倖，則我們科學和民主運動，勢將倒退數十年，這眞是文化的大厄運。我們要紀念「五四」，必須重揭科學民主之大旗，與共產黨徒的教條主義和極權政體奮鬥到底。 最後，「五四」運動的直接導因，是外抗侵略，內除軍閥的。因爲智識青年所發的正義恐嚇，使北洋軍閥不能不改變其賣國的外交，此事史乘具在，毋須贅述。惟吾人不能不有所慨嘆的。就是時至今日，共產黨的新軍閥，正勾結新侵略主義，以奴役我民族和國家。在「五四」的當時，智識青年尙能不異犧牲，奔走呼號，與軍閥及侵略主義者相搏鬥，而時至今日，則對於此種新軍閥和新侵略主義者，盡其沉默，容忍，屈服之能事，其尤甚者，更震懾於暴力的淫威，支援於盧布的誘惑，從而對此新軍閥與侵略主義者，爲之作違心的宣傳，或甘心供其指示，竟淪爲第五縱隊的爪牙，而不知恥辱。現在正義的呼聲，已經消沉了，我們於紀念五四之餘，應當喚起五四運動的靈魂，重新拿出民族主義的大旗，向新軍閥的共產黨徒，和新侵略的共產主義，作徹底的反擊。智識青年們，這是我們一起奮鬥的時候了，我們的民族永不會奴役，國家決不會滅亡，最後的努力，一定獲得最後的勝利。,5_plain_merge
constitutional,33467,xianfa,7240,xianfa,37,7_small_index,A2013040225659,SP,申報,1949-05-04,02,,民國38年 日昭和24年,民國38年,日昭和24年,,,,F,,波茨坦協定壽終 西方握王牌在手,本報訊,卽自波茨坦協定以來，蘇聯已第一次採取守勢，而輪到西方國家第一次取得主動的指揮地位。三國相信柏林的封鎖及西方强調對東德及東歐的反封鎖，已迫使蘇聯在冷戰中趨於遷就一般僉料在召開的四强會議中，蘇聯將提出斷然的計劃，要求立卽恢復德國的統一及撤退一切佔領軍。西方國家則將答以須待和約簽訂後，始能撤退駐軍。三強願與蘇聯合作，以促成對德和約的締結。同時三强並將聲明波茨坦協定業已死亡，四强的新談判應以新局勢爲基礎，尤其是以前進三强在華盛頓成立關於西德的協定爲基礎。職是之故，蘇聯如圖援用波茨坦協定，必將爲三强所拒絕。西方三强將歡迎蘇聯提出建議，使東德亦得基於波恩憲法，與德國其餘部份合併。西方三强同時亦將向蘇聯聲明，東德之與德國其餘部份合併，應以東德已有民主條件存在爲條件，例如舉行自由選舉，撤銷秘密警察，言論得以自由，各政黨得自由活動，並由盟國共同監督前項條件之執行等。西方觀察家預料蘇聯將拒絕此等關於東德之條件，如東德不能與西德合併，則西方盟國可能建議在東西德間建立某種橋樑，此項橋樑爲在柏林純由德人組織之一聯絡委員會，以處理東西德間尤其是經濟上的關係。如果意外地蘇聯竟能同意關於東德之條件，則誠不失爲戰後西方國家的一最大勝利。不然，如柏林之聯絡委員會成立，至少可使西方國家在完全由蘇控制的區域內取得一立足點。總之，德國問題發展至今，西方國似握有下屆四强談判的王牌在手。,波茨坦協定壽終 西方握王牌在手 卽自波茨坦協定以來，蘇聯已第一次採取守勢，而輪到西方國家第一次取得主動的指揮地位。三國相信柏林的封鎖及西方强調對東德及東歐的反封鎖，已迫使蘇聯在冷戰中趨於遷就一般僉料在召開的四强會議中，蘇聯將提出斷然的計劃，要求立卽恢復德國的統一及撤退一切佔領軍。西方國家則將答以須待和約簽訂後，始能撤退駐軍。三強願與蘇聯合作，以促成對德和約的締結。同時三强並將聲明波茨坦協定業已死亡，四强的新談判應以新局勢爲基礎，尤其是以前進三强在華盛頓成立關於西德的協定爲基礎。職是之故，蘇聯如圖援用波茨坦協定，必將爲三强所拒絕。西方三强將歡迎蘇聯提出建議，使東德亦得基於波恩憲法，與德國其餘部份合併。西方三强同時亦將向蘇聯聲明，東德之與德國其餘部份合併，應以東德已有民主條件存在爲條件，例如舉行自由選舉，撤銷秘密警察，言論得以自由，各政黨得自由活動，並由盟國共同監督前項條件之執行等。西方觀察家預料蘇聯將拒絕此等關於東德之條件，如東德不能與西德合併，則西方盟國可能建議在東西德間建立某種橋樑，此項橋樑爲在柏林純由德人組織之一聯絡委員會，以處理東西德間尤其是經濟上的關係。如果意外地蘇聯竟能同意關於東德之條件，則誠不失爲戰後西方國家的一最大勝利。不然，如柏林之聯絡委員會成立，至少可使西方國家在完全由蘇控制的區域內取得一立足點。總之，德國問題發展至今，西方國似握有下屆四强談判的王牌在手。,2_drop_benbaoxun
constitutional,33468,xianfa,7239,xianfa,36,7_small_index,A2013040225673,SP,申報,1949-05-04,02,,民國38年 日昭和24年,民國38年,日昭和24年,,,,F,,實施新憲二週年 日舉行慶祝,合眾社東京三日電,日本人民約五千人，三日結集於皇宮廣塲，參加佔領當局批准的民主憲法的兩週紀念儀式，爲憲法及日皇高呼萬歲。日皇裕仁及日后均蒞會，吉田首相致辭，祝賀日本人民在佔領下的民主進步，並要求日本人民繼續保持新自由，從事民主工作，並繼續與佔領軍合作。,實施新憲二週年 日舉行慶祝 合眾社東京三日電 日本人民約五千人，三日結集於皇宮廣塲，參加佔領當局批准的民主憲法的兩週紀念儀式，爲憲法及日皇高呼萬歲。日皇裕仁及日后均蒞會，吉田首相致辭，祝賀日本人民在佔領下的民主進步，並要求日本人民繼續保持新自由，從事民主工作，並繼續與佔領軍合作。,5_plain_merge
constitutional,33469,xianfa,7238,xianfa,35,7_small_index,A2013040225766,SP,申報,1949-05-05,02,,民國38年 日昭和24年,民國38年,日昭和24年,,,,F,,援歐復興計劃 已產生效果 艾契遜發表演說,路透社華盛頓三日電,美國務卿艾契遜今日在美商會大會中演說，表示自由及民主勢力，可得自西歐最近的發展獲得鼓勵。自歐洲復興方案推動以來，西歐的極權勢力已不能再有進展。在西歐每一次重要選舉中，人民均已明確的表現其對憲法政府的支援，尤其在法義兩國，共黨阻撓復興的企圖，均被政府採取强力行動擊敗。工人已逐漸認識共黨暴動的威脅，由於人民對於未來的信仰漸增，因此生產隨之增加，金融亦趨於穩定。艾氏繼日，為保持經濟復興的動力，必須有大西洋公約輔以軍事援助計劃，對安定勢力給予保障。美援所鼓動的經濟復興動力，已因將受武裝侵略而感不安，北大西洋公約可以消减此種不安心理，使西歐人民得以致其全力於復興事業。,援歐復興計劃 已產生效果 艾契遜發表演說 路透社華盛頓三日電 美國務卿艾契遜今日在美商會大會中演說，表示自由及民主勢力，可得自西歐最近的發展獲得鼓勵。自歐洲復興方案推動以來，西歐的極權勢力已不能再有進展。在西歐每一次重要選舉中，人民均已明確的表現其對憲法政府的支援，尤其在法義兩國，共黨阻撓復興的企圖，均被政府採取强力行動擊敗。工人已逐漸認識共黨暴動的威脅，由於人民對於未來的信仰漸增，因此生產隨之增加，金融亦趨於穩定。艾氏繼日，為保持經濟復興的動力，必須有大西洋公約輔以軍事援助計劃，對安定勢力給予保障。美援所鼓動的經濟復興動力，已因將受武裝侵略而感不安，北大西洋公約可以消减此種不安心理，使西歐人民得以致其全力於復興事業。,5_plain_merge
constitutional,33470,xianzheng,25854,xianzheng,3,7_small_index,A2013040225849,SP,申報,1949-05-06,01,,民國38年 日昭和24年,民國38年,日昭和24年,,,,F,,旅台國代發表時局聲明 請總統剋日復任 建議提前召開臨時國大,本報台北五日電,旅台國代聯誼會，五日舉行會議，發表對時局聲明五點：〔一〕政府决心戡亂，總統不能視事乏故障顯已不復存在，應請剋日復任。〔二〕剿匪軍事今既由國防部統一事權，應即改進編制，核實給養，明是非，信賞罰，以振士氣。〔三〕政府應速行新政，用新人，勤求治理，與民更始。〔四〕金圓券政策亟應改革。〔五〕亟應實施平均地權節制資本，並以事實表現，勿再徒託空言。繼又决議派林紫貴·徐恩曾·丁得先·王民寗·單成儀五代表即日飛穗，向李代總統及何院長面呈在台國代對國是主張，並建議政府提前召開臨時國民大會及充實憲政督導委員會。,旅台國代發表時局聲明 請總統剋日復任 建議提前召開臨時國大 本報台北五日電 旅台國代聯誼會，五日舉行會議，發表對時局聲明五點：〔一〕政府决心戡亂，總統不能視事乏故障顯已不復存在，應請剋日復任。〔二〕剿匪軍事今既由國防部統一事權，應即改進編制，核實給養，明是非，信賞罰，以振士氣。〔三〕政府應速行新政，用新人，勤求治理，與民更始。〔四〕金圓券政策亟應改革。〔五〕亟應實施平均地權節制資本，並以事實表現，勿再徒託空言。繼又决議派林紫貴·徐恩曾·丁得先·王民寗·單成儀五代表即日飛穗，向李代總統及何院長面呈在台國代對國是主張，並建議政府提前召開臨時國民大會及充實憲政督導委員會。,5_plain_merge
constitutional,33471,xianfa,7235,xianfa,32,7_small_index,A2013040225955,SP,申報,1949-05-07,02,,民國38年 日昭和24年,民國38年,日昭和24年,,,,F,,未來巴黎四强外長會議 美决爭取主動地位 希望德奧問題同時求解决 蘇可能建議劃世界勢力圈,合眾社華盛頓六日電,據若干跡象，高級外交顧問正力促國務卿艾契遜在巴黎四强會議中採取主動，否則蘇聯將利用該項會議，對德國人民發動主要的宣傳攻勢。渠等認為蘇聯楞望提出下列三項建議：〔一〕在德國中央政府下統一全德國；〔二〕加速撤退佔領軍；〔三〕加速完成對德最後和約。此三項建議，無疑將獲得德國國家主義者的支持。顯然國務部正在草擬應付及擊敗蘇聯此項建議的草案，目前雖尚未完成，很官員指出，西方國家可能要求蘇聯同意對奧和平解决，此舉將使蘇聯自奧·匈·羅三國撤軍，而削弱蘇聯在東南歐衛星國地區的力量。 〔合眾社華盛頓五日電〕國務院發言人麥克德謨五日透露：美國無任所大使傑塞普因負責解除柏林封鎖的初步談判，或將隨國務卿艾契遜赴巴黎參加五月廿三日的四强外長會議。渠稱，會議的正式議程尚未擬定，渠並稱，奧國問題可能包括在議程內，因其與德國問題關聯。 〔合眾社華盛頓六日電〕外交圈內六日發生一種揣測：蘇聯可能在巴黎四强外長會議中，向美國提出一項「密議」，正式將世界分為兩大勢力 圍。具有該項觀點的觀察家稱，蘇聯可能建議：〔一〕美國承認中國共產黨政權，在中國採取「放手」政策，承認中國為蘇聯的永久勢力範圍。〔二〕蘇聯則將停止其在西歐的分裂運動，並同意以民主方式解决德奧問題。美官員指出，此舉無疑將被國務卿艾契遜所拒絕，因為美國絕對反對任何形式的秘密協定。 〔法國新聞社柏林五日電〕英佔領軍司令羅勃森今日在記者招待會中，預測德國中央政府將於不久成立。羅勃森謂，對鎖解除後，四國會議若能順利進行，則成立一全德中央政府已不在遠。羅氏認為在波恩憲法之規定下，德人可獲得和平快樂及足以自傲之生活，希望東德地方政府能樂意按波恩憲法參加聯邦政府，此舉並無不可能之處。同時德共黨在法蘭克福發表宣言，要求立即停止設立西德國的工作，指出在彼恩草憲之德領袖，不應「破壞」巴黎四强談判成功的可能性。,未來巴黎四强外長會議 美决爭取主動地位 希望德奧問題同時求解决 蘇可能建議劃世界勢力圈 合眾社華盛頓六日電 據若干跡象，高級外交顧問正力促國務卿艾契遜在巴黎四强會議中採取主動，否則蘇聯將利用該項會議，對德國人民發動主要的宣傳攻勢。渠等認為蘇聯楞望提出下列三項建議：〔一〕在德國中央政府下統一全德國；〔二〕加速撤退佔領軍；〔三〕加速完成對德最後和約。此三項建議，無疑將獲得德國國家主義者的支持。顯然國務部正在草擬應付及擊敗蘇聯此項建議的草案，目前雖尚未完成，很官員指出，西方國家可能要求蘇聯同意對奧和平解决，此舉將使蘇聯自奧·匈·羅三國撤軍，而削弱蘇聯在東南歐衛星國地區的力量。 〔合眾社華盛頓五日電〕國務院發言人麥克德謨五日透露：美國無任所大使傑塞普因負責解除柏林封鎖的初步談判，或將隨國務卿艾契遜赴巴黎參加五月廿三日的四强外長會議。渠稱，會議的正式議程尚未擬定，渠並稱，奧國問題可能包括在議程內，因其與德國問題關聯。 〔合眾社華盛頓六日電〕外交圈內六日發生一種揣測：蘇聯可能在巴黎四强外長會議中，向美國提出一項「密議」，正式將世界分為兩大勢力 圍。具有該項觀點的觀察家稱，蘇聯可能建議：〔一〕美國承認中國共產黨政權，在中國採取「放手」政策，承認中國為蘇聯的永久勢力範圍。〔二〕蘇聯則將停止其在西歐的分裂運動，並同意以民主方式解决德奧問題。美官員指出，此舉無疑將被國務卿艾契遜所拒絕，因為美國絕對反對任何形式的秘密協定。 〔法國新聞社柏林五日電〕英佔領軍司令羅勃森今日在記者招待會中，預測德國中央政府將於不久成立。羅勃森謂，對鎖解除後，四國會議若能順利進行，則成立一全德中央政府已不在遠。羅氏認為在波恩憲法之規定下，德人可獲得和平快樂及足以自傲之生活，希望東德地方政府能樂意按波恩憲法參加聯邦政府，此舉並無不可能之處。同時德共黨在法蘭克福發表宣言，要求立即停止設立西德國的工作，指出在彼恩草憲之德領袖，不應「破壞」巴黎四强談判成功的可能性。,5_plain_merge
constitutional,33472,xianfa;zhixian,7237;35778,xianfa,34,7_small_index,A2013040225968,SP,申報,1949-05-07,02,,民國38年 日昭和24年,民國38年,日昭和24年,,,,F,,西德决成立 臨時政府,本報訊,倫敦六日廣播：西德制憲議會六日决議立即成立臨時西德政府，至正式政府成立時解散之。臨時政府人員將於六日夜自波恩議會七十議員中選出，於星期日波恩議會通過憲法後即行開始工作。,西德决成立 臨時政府 倫敦六日廣播：西德制憲議會六日决議立即成立臨時西德政府，至正式政府成立時解散之。臨時政府人員將於六日夜自波恩議會七十議員中選出，於星期日波恩議會通過憲法後即行開始工作。,2_drop_benbaoxun
constitutional,33473,xianfa;zhixian,7236;35777,xianfa,33,7_small_index,A2013040226020,SP,申報,1949-05-07,04,,民國38年 日昭和24年,民國38年,日昭和24年,,中華蘇維埃共和國?共產神話下的理想國/共產制度(經濟),,F,,美國民主黨縱橫談,上,Arthur M．Schesinger著 宋桂煌譯 美國共和黨雖有「大老黨」〔Grand old party〕之稱，但是它實際上只達到了九十四歲的矯健中年。民主黨則已年達一百五十六歲，顯然是在美國政治中活動而迄未中斷的最老政黨，差不多與美國同年。早在華盛頓內閣中，當哲斐孫與漢彌爾敦激烈鬥爭時，民主黨的生命便已開始了。漢彌爾敦的聯邦黨，後來雖曾以輝格黨〔Whig party〕與共和黨的名義一再還魂轉世，但是它僅僅活了三十年，惟有哲斐孫的黨的生命迄未中斷。這個黨雖然孱弱多病，但是它具有一種活力，以到處雖然歷經戰爭，不景氣，政治失敗，以至政治勝利，終能活到今日。 民主黨最近已經當政十六年之久，惟內部分裂情形甚劇，不可諱言。當一九四八年舉行全國代表大會之際，幾陷於分崩離析之境；因了舉行競選宣傳之故，便引起了黨內種種互相攻擊詆毀的激烈風潮。如紐約市長杜爾與密士失必州的翰朗金〔John Rankin〕，又如漢特森與布爾特，除概不贊成為杜魯門提名而外，在他們之間很難看出共通之點。美國人士中擁護民主黨的分子及有組織的工人們，尋常固然支持民主黨，但是最熱中的鑽營家及虐待勞工者也支持民主黨。 即在外交政策方面，大多數的民主黨雖都是國際主義者，但是誰也不能忽略了惠勒·奧丹尼爾等含有毒素的孤立主義者。佛蘭克林·Ｄ·羅斯福，雖具有政治的天才，竟也難將這班人收攏在一起。現在，民主黨殆已四分五裂了。有一部分黨員跟着華萊士及親共產派走上進步黨的故道，另有一部分黨員，則追承受着南卡羅林那州長爾蒙及那班不知悔改的叛徒。其餘的分子，為南方之中和派，新政派，工商界鉅子，及樸素無華的民主派，暫時勉強團結在一起，採取共同行動。這個非常的政治同盟，也曾有過真正的意義嗎？ 佛琴尼亞州的麥狄遜是美國憲法之祖。他曾有一句名言道：「黨派形成之最普通而持久的泉源，向來都是財產之各種不平等的分配」。他又曾說：「根據財產的差異，應為近代立法的主要任務，因而尋常的行政必須含有黨派的精神」。 麥狄遜時代的階級利益如何呢？有些人士圍繞於工商界，即資產階級及債權人，商業資本家及金融資本家。這班人士意圖控制漢彌爾頓的黨，而因了漢彌爾頓聯邦黨的興起，麥狄遜序列中的其餘分子，——卽地主·負債人·及無產階級——便立於的驛地位。因而哲斐孫的黨便起而為非工商界的分子說話。自此以後，民主黨便始終堅持這種任務，迄未改變態度。 誠然，在十九世紀的六十年代中，民主黨所得北方人民的支持曾失去了不少，這是因為蓄奴者在黨得勢之故；並且其後便永久未能恢復北方農民的支持，其間只有偶於短期內，北方農民因榖賤之故，才不得不擁護市里安及佛蘭克林·D·羅斯福。但是自內戰以後，民主黨便逐漸恢復了它的舊有模型，即將南方保守派農民·北方的自由分子·有組織的工人·及城市中的工商領袖，雜粹式地聯合起來。 哲斐孫與漢彌爾頓，當華盛頓任總統時，一個任國務卿，一個任財政部長。哲斐孫說：這兩個人「好比一個窠中的兩上雄鷄」，但是兩人的互爭雄長，不徒是人事之爭而已。漢彌爾頓意欲建立一個強有力的中央政府，其賦稅政策足以引起工商界的擁護。他覺得對於資產家，必需爭取之，而他對於平民，則不予信任。他在制憲會議中曾經說道：「平民都是好亂而多變的，他們判斷與決定，鮮有是正確的」。 但是哲斐孫同情於南方農民，深怕中央集權政府，將允許資本家剝削農民。他主張限制聯邦政府的權力，並保障各州的權利。他並且提出，人民是權力的最後保藏所，並且是行政者之最後的裁判人。哲斐孫從這種見地來看覺得不安。一七九三年五月十三日，其時華盛頓第二任為時尙未久，哲斐孫便寫了一封責難的信給總統，於其中第一次提出了他的黨的名稱。他說：「欲保持現有的政府體制的共和黨，其人數較之君主聯邦派為尤少」。 今日的民主黨，在當時被稱為共和黨者計達三十年之久，其人數雖較少，但黨員均願繼續奮鬥下去。他仍以哲斐孫為一個偉大的政治領袖，因為他對於民主的價值與目標，有着深刻無比的了解。哲斐孫的原則，誠如林肯後來所說，便是「自由社會的定義與原則」。他不但具有偉大的哲理，並且具有非凡的才能，而為具有魄力的政治家。他即在寫信給華盛頓以前，亦曾親詣紐約，以促成南方農業家與北方工商界領袖的團結。例如 坦馬尼公所的領袖柏爾，後來也成了一個有勢力的哲斐孫派。哲斐孫的理論，我們在今日已經司空見慣 了。 一八〇〇年大選，因為哲斐孫準備充分，所以共和黨〔即民主黨〕便握得政權。當這位被仇恨的佛琴尼亞人就任總統的時候，聯邦黨分子只有戰慄。在新英格蘭境內，婦女們甚至將她們的 飾品都收藏起來，誠恐要被新政府將其沒收了。康納狄格洲的聯邦黨杜懷特〔Theodore Dwinght〕宣稱，這個國家為惡人和愚人所統治了。他如瘋如癡地哭喊道：「一對一對的夫妻們及其一切幸福，都糟糕了，都被毀滅了；我們的妻女，都淪為妾腅了；我們的兒童都將一世便無人照顧了。……憑我們的想像，還有什麼情形比了地獄的這一面更加悲慘可怕嗎？」 但是哲斐孫自就任總統以後，自始卽表示和解的態度。他在就職演說辭中說道：「我們都是共和黨，我們都是聯邦黨。」他一朝握權之後他的為各州爭取權利及嚴密遵守憲法的主張，便被收回了。他表示遇必要時，便可通融憲法行事，例如購買路易西安那，便是一端。換言之，爭取各州權利，在哲斐孫實為一個次要的問題，而最要者卻是他之欲為國家實現各個基本的目標。有許多聯邦派都因哲斐孫政策的中和性而改入共和黨，例如約翰·亞當斯便是其中之一人。至一八二〇年，聯邦黨遂告滅亡。 傑克於一八二九年就任總統後，黨的歷史便已進攻了新的階段，傑克遜是一個強有力而具決斷性的領袖，不畏懼任何人，而對於政策則能堅信不疑，因此，他便將總統職位的整個性質改變了。他的名譽活躍於史冊。當他就職之日，羣眾擁入白宮，接受他的招待，但是他的貢獻更加真實。他的加強行政元首的權力，為後來的歷屆總統樹立了典範，至今被追踪不息。,美國民主黨縱橫談 上 Arthur M．Schesinger著 宋桂煌譯 美國共和黨雖有「大老黨」〔Grand old party〕之稱，但是它實際上只達到了九十四歲的矯健中年。民主黨則已年達一百五十六歲，顯然是在美國政治中活動而迄未中斷的最老政黨，差不多與美國同年。早在華盛頓內閣中，當哲斐孫與漢彌爾敦激烈鬥爭時，民主黨的生命便已開始了。漢彌爾敦的聯邦黨，後來雖曾以輝格黨〔Whig party〕與共和黨的名義一再還魂轉世，但是它僅僅活了三十年，惟有哲斐孫的黨的生命迄未中斷。這個黨雖然孱弱多病，但是它具有一種活力，以到處雖然歷經戰爭，不景氣，政治失敗，以至政治勝利，終能活到今日。 民主黨最近已經當政十六年之久，惟內部分裂情形甚劇，不可諱言。當一九四八年舉行全國代表大會之際，幾陷於分崩離析之境；因了舉行競選宣傳之故，便引起了黨內種種互相攻擊詆毀的激烈風潮。如紐約市長杜爾與密士失必州的翰朗金〔John Rankin〕，又如漢特森與布爾特，除概不贊成為杜魯門提名而外，在他們之間很難看出共通之點。美國人士中擁護民主黨的分子及有組織的工人們，尋常固然支持民主黨，但是最熱中的鑽營家及虐待勞工者也支持民主黨。 即在外交政策方面，大多數的民主黨雖都是國際主義者，但是誰也不能忽略了惠勒·奧丹尼爾等含有毒素的孤立主義者。佛蘭克林·Ｄ·羅斯福，雖具有政治的天才，竟也難將這班人收攏在一起。現在，民主黨殆已四分五裂了。有一部分黨員跟着華萊士及親共產派走上進步黨的故道，另有一部分黨員，則追承受着南卡羅林那州長爾蒙及那班不知悔改的叛徒。其餘的分子，為南方之中和派，新政派，工商界鉅子，及樸素無華的民主派，暫時勉強團結在一起，採取共同行動。這個非常的政治同盟，也曾有過真正的意義嗎？ 佛琴尼亞州的麥狄遜是美國憲法之祖。他曾有一句名言道：「黨派形成之最普通而持久的泉源，向來都是財產之各種不平等的分配」。他又曾說：「根據財產的差異，應為近代立法的主要任務，因而尋常的行政必須含有黨派的精神」。 麥狄遜時代的階級利益如何呢？有些人士圍繞於工商界，即資產階級及債權人，商業資本家及金融資本家。這班人士意圖控制漢彌爾頓的黨，而因了漢彌爾頓聯邦黨的興起，麥狄遜序列中的其餘分子，——卽地主·負債人·及無產階級——便立於的驛地位。因而哲斐孫的黨便起而為非工商界的分子說話。自此以後，民主黨便始終堅持這種任務，迄未改變態度。 誠然，在十九世紀的六十年代中，民主黨所得北方人民的支持曾失去了不少，這是因為蓄奴者在黨得勢之故；並且其後便永久未能恢復北方農民的支持，其間只有偶於短期內，北方農民因榖賤之故，才不得不擁護市里安及佛蘭克林·D·羅斯福。但是自內戰以後，民主黨便逐漸恢復了它的舊有模型，即將南方保守派農民·北方的自由分子·有組織的工人·及城市中的工商領袖，雜粹式地聯合起來。 哲斐孫與漢彌爾頓，當華盛頓任總統時，一個任國務卿，一個任財政部長。哲斐孫說：這兩個人「好比一個窠中的兩上雄鷄」，但是兩人的互爭雄長，不徒是人事之爭而已。漢彌爾頓意欲建立一個強有力的中央政府，其賦稅政策足以引起工商界的擁護。他覺得對於資產家，必需爭取之，而他對於平民，則不予信任。他在制憲會議中曾經說道：「平民都是好亂而多變的，他們判斷與決定，鮮有是正確的」。 但是哲斐孫同情於南方農民，深怕中央集權政府，將允許資本家剝削農民。他主張限制聯邦政府的權力，並保障各州的權利。他並且提出，人民是權力的最後保藏所，並且是行政者之最後的裁判人。哲斐孫從這種見地來看覺得不安。一七九三年五月十三日，其時華盛頓第二任為時尙未久，哲斐孫便寫了一封責難的信給總統，於其中第一次提出了他的黨的名稱。他說：「欲保持現有的政府體制的共和黨，其人數較之君主聯邦派為尤少」。 今日的民主黨，在當時被稱為共和黨者計達三十年之久，其人數雖較少，但黨員均願繼續奮鬥下去。他仍以哲斐孫為一個偉大的政治領袖，因為他對於民主的價值與目標，有着深刻無比的了解。哲斐孫的原則，誠如林肯後來所說，便是「自由社會的定義與原則」。他不但具有偉大的哲理，並且具有非凡的才能，而為具有魄力的政治家。他即在寫信給華盛頓以前，亦曾親詣紐約，以促成南方農業家與北方工商界領袖的團結。例如 坦馬尼公所的領袖柏爾，後來也成了一個有勢力的哲斐孫派。哲斐孫的理論，我們在今日已經司空見慣 了。 一八〇〇年大選，因為哲斐孫準備充分，所以共和黨〔即民主黨〕便握得政權。當這位被仇恨的佛琴尼亞人就任總統的時候，聯邦黨分子只有戰慄。在新英格蘭境內，婦女們甚至將她們的 飾品都收藏起來，誠恐要被新政府將其沒收了。康納狄格洲的聯邦黨杜懷特〔Theodore Dwinght〕宣稱，這個國家為惡人和愚人所統治了。他如瘋如癡地哭喊道：「一對一對的夫妻們及其一切幸福，都糟糕了，都被毀滅了；我們的妻女，都淪為妾腅了；我們的兒童都將一世便無人照顧了。……憑我們的想像，還有什麼情形比了地獄的這一面更加悲慘可怕嗎？」 但是哲斐孫自就任總統以後，自始卽表示和解的態度。他在就職演說辭中說道：「我們都是共和黨，我們都是聯邦黨。」他一朝握權之後他的為各州爭取權利及嚴密遵守憲法的主張，便被收回了。他表示遇必要時，便可通融憲法行事，例如購買路易西安那，便是一端。換言之，爭取各州權利，在哲斐孫實為一個次要的問題，而最要者卻是他之欲為國家實現各個基本的目標。有許多聯邦派都因哲斐孫政策的中和性而改入共和黨，例如約翰·亞當斯便是其中之一人。至一八二〇年，聯邦黨遂告滅亡。 傑克於一八二九年就任總統後，黨的歷史便已進攻了新的階段，傑克遜是一個強有力而具決斷性的領袖，不畏懼任何人，而對於政策則能堅信不疑，因此，他便將總統職位的整個性質改變了。他的名譽活躍於史冊。當他就職之日，羣眾擁入白宮，接受他的招待，但是他的貢獻更加真實。他的加強行政元首的權力，為後來的歷屆總統樹立了典範，至今被追踪不息。,5_plain_merge
constitutional,33474,lixian;xianfa;zhixian,1;7234;35776,lixian,1,7_small_index,A2013040226056,SP,申報,1949-05-08,02,,民國38年 日昭和24年,民國38年,日昭和24年,,台灣文化精髓-台灣文化協會/大正民主,,F,,制憲議會批準憲草 西德設雛型政府 為德國統一政府樹立基礎,路透社西德波恩城六日電,德國政治家已於今日在此設立西德之雛型政府，西德制憲議會今日決定設立一臨時委員會，以執行聯邦政府成立前之政府任務。該案前動議人自由民主黨領袖薛費，謂該過渡委員會之目的，在收集並研究資料，以準備統一的立法，同時並草具設立各政府部門之法令，俾聯邦政府成立後即可立時展開工作。 〔聯合社德國波恩六日電〕制憲議會今二讀通過西德政府憲章，僅共黨議員兩名投反對票。憲草將於作日舉行三讀，其中有兩條特別富於與味：〔一〕要求將西柏林併入西德，此議早由美英法軍政府總督表示反對；〔三〕規定取消西德罪犯之死刑，此乃共黨所贊成之唯一條文。此外，西德首都所在將於八日會議中決定之，西德共和國成立蜞暫定七月十五日。 〔合眾社波恩六日電〕德制憲議會今日選出一十八人之執行委員會暫為政府，此一西德政府將在盟國監督下行政，正式之政府將在七月下旬舉行普選後正式成立。盟國方面已準備將德境佔領區移交文官管制，對德國之行政將儘少過問。西德臨時政府係自議員中選出共七名，計社會黨一人，基督民主黨一人，自由民主黨二人，及其他各黨各一人。據柏林方面透露，西方盟國軍事長官業已賦權予西德政府，一俟該政府正式成立後將可設立聯邦警察隊。西德領袖於四強同意解除柏林封鎖及舉行四強外長會議之際，倉卒成立憲法及決定成立政府，蓋德人希望若西方盟國與蘇聯獲致協定，則德國統一政府可能以波恩憲法為基礎。,制憲議會批準憲草 西德設雛型政府 為德國統一政府樹立基礎 路透社西德波恩城六日電 德國政治家已於今日在此設立西德之雛型政府，西德制憲議會今日決定設立一臨時委員會，以執行聯邦政府成立前之政府任務。該案前動議人自由民主黨領袖薛費，謂該過渡委員會之目的，在收集並研究資料，以準備統一的立法，同時並草具設立各政府部門之法令，俾聯邦政府成立後即可立時展開工作。 〔聯合社德國波恩六日電〕制憲議會今二讀通過西德政府憲章，僅共黨議員兩名投反對票。憲草將於作日舉行三讀，其中有兩條特別富於與味：〔一〕要求將西柏林併入西德，此議早由美英法軍政府總督表示反對；〔三〕規定取消西德罪犯之死刑，此乃共黨所贊成之唯一條文。此外，西德首都所在將於八日會議中決定之，西德共和國成立蜞暫定七月十五日。 〔合眾社波恩六日電〕德制憲議會今日選出一十八人之執行委員會暫為政府，此一西德政府將在盟國監督下行政，正式之政府將在七月下旬舉行普選後正式成立。盟國方面已準備將德境佔領區移交文官管制，對德國之行政將儘少過問。西德臨時政府係自議員中選出共七名，計社會黨一人，基督民主黨一人，自由民主黨二人，及其他各黨各一人。據柏林方面透露，西方盟國軍事長官業已賦權予西德政府，一俟該政府正式成立後將可設立聯邦警察隊。西德領袖於四強同意解除柏林封鎖及舉行四強外長會議之際，倉卒成立憲法及決定成立政府，蓋德人希望若西方盟國與蘇聯獲致協定，則德國統一政府可能以波恩憲法為基礎。,5_plain_merge
constitutional,33475,xianzheng,25853,xianzheng,2,7_small_index,A2013040226118,SP,申報,1949-05-09,01,,民國38年 日昭和24年,民國38年,日昭和24年,,,,F,,總統頒令勗勉全國 完成安邦定亂重任 同德一心挽國運於危亡,中央社廣州八日電,總統於八日頒佈命令，勗勉中央地方軍政人員及各級民意機構，一致奮起，上下同德一心，堅守立場，協助政府完成安邦定亂之重任。茲誌原令於后：「頻年以來，戰禍未弭，鋒鏑所及，往往擲資源於虛化，化城市為捕墟，馴至四民失所，餓莩載道，怨毒之聲，溢於宇內。夫我國人同屬黃帝子孫，黨派政見容有不同，民族利害應無二致。顧當抗戰結果，全國亟待蘇息之日，尙復兄弟圓牆，自相殘殺，事之痛心，寗逾於此！政府念國之艱難，憫民生之疾苦，倡導和平，於茲四月，委曲求全，無所不至，方期籰開誠佈公，相讓為國，何圖中共竟於中途提出其所謂國內和平協定八條二十四款，條件苛刻，等於逼迫投降，且復限期簽署，不容賀迴旋；政府不忍見甫經奠定民主憲政之基礎遽遭摧毀，水深火勢之人民重罹浩刧，乃復婉申正誼，冀其作最後之考慮，而中共恃其武力，竟於政府代表尙留平商談期間，卽行強渡長江，申言將澈底擊潰政府軍隊。政府以和談無法繼續進行，幾輛又突遭侵襲，遂不得不於四月十一日令飭尙在南京之各中央機關迅卽全部遷至廣州，並責成軍事主管妥慎規劃，集中力量，縮短防綫，續為保障民主自由與國家獨立作自衛之抵抗。在此期間，廣州卽為中華民國政府所在地，除前已由外交部照會各國駐京使節外，特此通令昭告全國。我全國人民須知政府此次為維護法統憲與民主自由及國家獨立而戰，釁自彼開，曲不在我，務宜熟權利害，明辨是非，一致興起，協助政府完成此安邦定亂之重任，我全國忠勇將士並應益加淬厲，黽勉圖功。所有中央地方各軍政人員以及各級民意機關，各民眾團體，尤盼能同德一心，堅守立場，推誠合作，期早出人民於水火，挽國運于危亡，大任當前，義無反顧，尙其懔遵此旨，救國自救此令」。,總統頒令勗勉全國 完成安邦定亂重任 同德一心挽國運於危亡 中央社廣州八日電 總統於八日頒佈命令，勗勉中央地方軍政人員及各級民意機構，一致奮起，上下同德一心，堅守立場，協助政府完成安邦定亂之重任。茲誌原令於后：「頻年以來，戰禍未弭，鋒鏑所及，往往擲資源於虛化，化城市為捕墟，馴至四民失所，餓莩載道，怨毒之聲，溢於宇內。夫我國人同屬黃帝子孫，黨派政見容有不同，民族利害應無二致。顧當抗戰結果，全國亟待蘇息之日，尙復兄弟圓牆，自相殘殺，事之痛心，寗逾於此！政府念國之艱難，憫民生之疾苦，倡導和平，於茲四月，委曲求全，無所不至，方期籰開誠佈公，相讓為國，何圖中共竟於中途提出其所謂國內和平協定八條二十四款，條件苛刻，等於逼迫投降，且復限期簽署，不容賀迴旋；政府不忍見甫經奠定民主憲政之基礎遽遭摧毀，水深火勢之人民重罹浩刧，乃復婉申正誼，冀其作最後之考慮，而中共恃其武力，竟於政府代表尙留平商談期間，卽行強渡長江，申言將澈底擊潰政府軍隊。政府以和談無法繼續進行，幾輛又突遭侵襲，遂不得不於四月十一日令飭尙在南京之各中央機關迅卽全部遷至廣州，並責成軍事主管妥慎規劃，集中力量，縮短防綫，續為保障民主自由與國家獨立作自衛之抵抗。在此期間，廣州卽為中華民國政府所在地，除前已由外交部照會各國駐京使節外，特此通令昭告全國。我全國人民須知政府此次為維護法統憲與民主自由及國家獨立而戰，釁自彼開，曲不在我，務宜熟權利害，明辨是非，一致興起，協助政府完成此安邦定亂之重任，我全國忠勇將士並應益加淬厲，黽勉圖功。所有中央地方各軍政人員以及各級民意機關，各民眾團體，尤盼能同德一心，堅守立場，推誠合作，期早出人民於水火，挽國運于危亡，大任當前，義無反顧，尙其懔遵此旨，救國自救此令」。,5_plain_merge
constitutional,33476,xianfa,7233,xianfa,30,7_small_index,A2013040226136,SP,申報,1949-05-09,02,,民國38年 日昭和24年,民國38年,日昭和24年,,,,F,,東德領向西德建議 商統一德國步驟 撤除封鎖殆已完成準備,路透社柏林七日電,當蘇聯及西方交通人員於昨夜正在商洽解除封鎖之時間表之際，自稱代表整個德國之「德人民委員會」突然建議，與西德代表在英區勃朗維克開會，以起草關於德國政治經濟文化統一的計劃，以便向五月廿三日巴黎之四強外長會議提出。 該項建議並要求迅速締結和約及撤退佔領軍。該項建議書由東德基督民主黨，自由民主黨及社會統一黨代表諾許克，卡斯特納及格洛特伍爾簽署，其中並指出若在外長會議召開以前，企圖以西德政府之成立造成旣成事實，足以加深東西德間之分裂。按西方強國已一再聲明，四強在紐約所成立之協定，不應干涉預定於今夏設立西德共和國之計劃，惟西德憲法制定的方式，可以於四強獲得協議後，使其得以適用於全德國。 〔法國新聞社柏林七日電〕權威方面謂，西方各國與蘇聯當局已在柏林作第一次接觸，討論解除封鎖之各細則，但討論之內容，則守極端秘密。同時弗蘭克福雙佔區軍事運輸機構之英美代表亦已抵此，會商解除封鎖之細則 〔路透社柏林七日電〕英發言人聲稱，英美運輸官員已告知德鐵路當局，準備於五月十一日午夜恢復至柏林火車之行駛。彼等並囑鐵路當局儘可能調集車皮，以便將煤斤糧食原料消費品輸往柏林。 〔路透社柏林七日電〕柏林蘇區政府今夜宣布願於柏林封鎖解除後，立即恢復對西柏林之電流供應。,東德領向西德建議 商統一德國步驟 撤除封鎖殆已完成準備 路透社柏林七日電 當蘇聯及西方交通人員於昨夜正在商洽解除封鎖之時間表之際，自稱代表整個德國之「德人民委員會」突然建議，與西德代表在英區勃朗維克開會，以起草關於德國政治經濟文化統一的計劃，以便向五月廿三日巴黎之四強外長會議提出。 該項建議並要求迅速締結和約及撤退佔領軍。該項建議書由東德基督民主黨，自由民主黨及社會統一黨代表諾許克，卡斯特納及格洛特伍爾簽署，其中並指出若在外長會議召開以前，企圖以西德政府之成立造成旣成事實，足以加深東西德間之分裂。按西方強國已一再聲明，四強在紐約所成立之協定，不應干涉預定於今夏設立西德共和國之計劃，惟西德憲法制定的方式，可以於四強獲得協議後，使其得以適用於全德國。 〔法國新聞社柏林七日電〕權威方面謂，西方各國與蘇聯當局已在柏林作第一次接觸，討論解除封鎖之各細則，但討論之內容，則守極端秘密。同時弗蘭克福雙佔區軍事運輸機構之英美代表亦已抵此，會商解除封鎖之細則 〔路透社柏林七日電〕英發言人聲稱，英美運輸官員已告知德鐵路當局，準備於五月十一日午夜恢復至柏林火車之行駛。彼等並囑鐵路當局儘可能調集車皮，以便將煤斤糧食原料消費品輸往柏林。 〔路透社柏林七日電〕柏林蘇區政府今夜宣布願於柏林封鎖解除後，立即恢復對西柏林之電流供應。,5_plain_merge
constitutional,33477,zhixian,35775,zhixian,18,7_small_index,A2013040226138,SP,申報,1949-05-09,02,,民國38年 日昭和24年,民國38年,日昭和24年,,,,F,,西德臨時政府 正副總統人選,合眾社波恩七日電,此間消息靈通之政界稱，基督民主黨之阿丹諾，將為西德臨時政府之總統，史柯密特將為副總統。社會黨之曼柴爾將任內長，凱撒任為勞工部長，及自由黨阿斯科夫將任財長。按波恩制憲會議已於六日晚選出十八名非共黨之「執委會」，暫時執行西德政務，直至普選之政府產生後。一般預料該執委會將提出締結德國和約之建議，俾可能在巴黎召開之和會中討論之。,西德臨時政府 正副總統人選 合眾社波恩七日電 此間消息靈通之政界稱，基督民主黨之阿丹諾，將為西德臨時政府之總統，史柯密特將為副總統。社會黨之曼柴爾將任內長，凱撒任為勞工部長，及自由黨阿斯科夫將任財長。按波恩制憲會議已於六日晚選出十八名非共黨之「執委會」，暫時執行西德政務，直至普選之政府產生後。一般預料該執委會將提出締結德國和約之建議，俾可能在巴黎召開之和會中討論之。,5_plain_merge
constitutional,33478,xianfa,7232,xianfa,29,7_small_index,A2013040226213,SP,申報,1949-05-10,01,,民國38年 日昭和24年,民國38年,日昭和24年,,,,F,,立院院務檢討會 童院長報告在京復會原因與經過 希望組調查會澈底調查,中央社廣州九日電,立院九日下午三時舉行院務檢討會，出席委員二零八人，徐源泉主席，首由童院長報告在京復會經過及疏散情形，維由秘書長陳克文報告事務及財務情形，及南京撤退時經過，委員彭醇士·潘于英·彭鎭寰·陳紫楓·盧宗濂等相繼發言，對院務有所詢問，最後由童院長答覆，並希望在十日院會席上正式提議組織一調查委會，推選若干委員澈底調查，以明真相，如果渠本人確有不法情事，自當依法處理，渠盼立院同人勿意氣用事，免傷和氣。至六時許宣告散會。 童院長於報告關於南京復會問題時稱，部份同人對於這事不大了解，過去因為有許多問題，沒有機會向各位說明。本年二月初，政府從南京撤退後，南京虛空，幾乎成為無政府狀態，那種情形，今天在座委員有許多看見的，嗣經幾位首長研究後，囑本人同于院長於二月八日飛廣州，先請重要首長返京，把南京政府精神力量支持起來，然後從事於安定軍心民心，作一個准備，這種情形，對於外面不好發表，所以事前同于院長商定，卽是看看這裏籌備的情形，當時最重要的，是請孫院長吳副院長返京，對於整個局面，作個詳細籌劃。本人在穗時，報上登載，謂本人已答應在廣州復會，這是不確的。 二月十二日，本人同于院長飛上海，我報告了此地的情形以後，有一位同仁說「院長，你認為在南京復會好，抑廣州復會好」？我的答復是為聽從多數人的意見，大家說要在廣州，廣州已有准備，若要在南京，就馬上准備。十三日晚車本人回南京，向李代總統報告。十六日赴上海，出席談話會，到場委員有百多人，當時發言的人很多，很熱烈以後，一致決定在南京復會，日期由院長決定。本人十三日回南京時，有各地來的許多電報和信，這些電報和信，有主張在南京復會的，有主張在廣州復會的，統計結果，主張在南京復會的三百個人，在廣州復會的一百多人。出席上海談話會後回到南京，在同京仁堅決主張在京復會，並要本人十七日發表，我說必須先把經費問題解決，後來同徐部長交涉經費，徐部長答應先借，依照憲法規定，二個月內復會，二月只有二十八天，計算各方面來京途程至少一週，所以決定二十日開始報到，這是在南京復會的原因和經過。 〔中央社台北九日電〕立委高廷梓等廿餘人，九日搭機飛穗，出席立院院會。另有立委四十人，將於十一日，十六日兩日批分飛穗。,立院院務檢討會 童院長報告在京復會原因與經過 希望組調查會澈底調查 中央社廣州九日電 立院九日下午三時舉行院務檢討會，出席委員二零八人，徐源泉主席，首由童院長報告在京復會經過及疏散情形，維由秘書長陳克文報告事務及財務情形，及南京撤退時經過，委員彭醇士·潘于英·彭鎭寰·陳紫楓·盧宗濂等相繼發言，對院務有所詢問，最後由童院長答覆，並希望在十日院會席上正式提議組織一調查委會，推選若干委員澈底調查，以明真相，如果渠本人確有不法情事，自當依法處理，渠盼立院同人勿意氣用事，免傷和氣。至六時許宣告散會。 童院長於報告關於南京復會問題時稱，部份同人對於這事不大了解，過去因為有許多問題，沒有機會向各位說明。本年二月初，政府從南京撤退後，南京虛空，幾乎成為無政府狀態，那種情形，今天在座委員有許多看見的，嗣經幾位首長研究後，囑本人同于院長於二月八日飛廣州，先請重要首長返京，把南京政府精神力量支持起來，然後從事於安定軍心民心，作一個准備，這種情形，對於外面不好發表，所以事前同于院長商定，卽是看看這裏籌備的情形，當時最重要的，是請孫院長吳副院長返京，對於整個局面，作個詳細籌劃。本人在穗時，報上登載，謂本人已答應在廣州復會，這是不確的。 二月十二日，本人同于院長飛上海，我報告了此地的情形以後，有一位同仁說「院長，你認為在南京復會好，抑廣州復會好」？我的答復是為聽從多數人的意見，大家說要在廣州，廣州已有准備，若要在南京，就馬上准備。十三日晚車本人回南京，向李代總統報告。十六日赴上海，出席談話會，到場委員有百多人，當時發言的人很多，很熱烈以後，一致決定在南京復會，日期由院長決定。本人十三日回南京時，有各地來的許多電報和信，這些電報和信，有主張在南京復會的，有主張在廣州復會的，統計結果，主張在南京復會的三百個人，在廣州復會的一百多人。出席上海談話會後回到南京，在同京仁堅決主張在京復會，並要本人十七日發表，我說必須先把經費問題解決，後來同徐部長交涉經費，徐部長答應先借，依照憲法規定，二個月內復會，二月只有二十八天，計算各方面來京途程至少一週，所以決定二十日開始報到，這是在南京復會的原因和經過。 〔中央社台北九日電〕立委高廷梓等廿餘人，九日搭機飛穗，出席立院院會。另有立委四十人，將於十一日，十六日兩日批分飛穗。,5_plain_merge
constitutional,33479,xianfa;zhixian,7230;35773,xianfa,27,7_small_index,A2013040226234,SP,申報,1949-05-10,02,,民國38年 日昭和24年,民國38年,日昭和24年,,,,F,,走向民主黨路線重要步驟 西德斯新憲法成立 保障人民信仰言論自由 聯邦政府七月中旬產生,聯合社德國波恩八日電,希特勒失敗後德國政府第一部憲法今日成立，西德製憲議會於勝利四週年紀念午夜前數分鐘，付三讀表決，贊成者五十三票，反對者僅共黨一票及巴威略邦右派十票。巴邦代表稱，新憲法未能以充分權力賦予各邦。共黨則始終反對西德軍單獨成立一國。製憲議會討論已八個月，今日最後宣布表決結果時，旁聽座上歡聲雷動。議長卽將憲法抄錄副本分送英法三軍總督請求核准。憲法共一百四十六條，規定設立聯邦民主政府，治理西德美英法佔領區四千六百萬人民，以待全德政府成立。三佔區並將辦理選舉，組織議會。新政府定於七月十五日就職。新憲法並規定採用紅黑金威瑪共和國旗幟為西德國旗。完成歷史性事件之。波恩憲法在德國史上展開一新頁，納粹獨裁及死室恐怖時代從此正式結束。新憲法並規定廢死刑，無陸軍，總統或議會均無宣戰權，陰謀侵略者受重傷，國家主權均屬歐洲聯邦。人民不分男女，不分種族信仰語言及政治思想，均有言論出版集會結社信仰之自由。郵電及新聞檢查絕對禁止。新憲法採取英美式，以指定之職權賦予聯邦政府，其餘職權則由各州保留。議會採上下兩院制。 〔法國新聞社法蘭克福九日電〕西德十一邦總理將於星期五在哥德斯堡會商過波恩憲法後之各問題。,走向民主黨路線重要步驟 西德斯新憲法成立 保障人民信仰言論自由 聯邦政府七月中旬產生 聯合社德國波恩八日電 希特勒失敗後德國政府第一部憲法今日成立，西德製憲議會於勝利四週年紀念午夜前數分鐘，付三讀表決，贊成者五十三票，反對者僅共黨一票及巴威略邦右派十票。巴邦代表稱，新憲法未能以充分權力賦予各邦。共黨則始終反對西德軍單獨成立一國。製憲議會討論已八個月，今日最後宣布表決結果時，旁聽座上歡聲雷動。議長卽將憲法抄錄副本分送英法三軍總督請求核准。憲法共一百四十六條，規定設立聯邦民主政府，治理西德美英法佔領區四千六百萬人民，以待全德政府成立。三佔區並將辦理選舉，組織議會。新政府定於七月十五日就職。新憲法並規定採用紅黑金威瑪共和國旗幟為西德國旗。完成歷史性事件之。波恩憲法在德國史上展開一新頁，納粹獨裁及死室恐怖時代從此正式結束。新憲法並規定廢死刑，無陸軍，總統或議會均無宣戰權，陰謀侵略者受重傷，國家主權均屬歐洲聯邦。人民不分男女，不分種族信仰語言及政治思想，均有言論出版集會結社信仰之自由。郵電及新聞檢查絕對禁止。新憲法採取英美式，以指定之職權賦予聯邦政府，其餘職權則由各州保留。議會採上下兩院制。 〔法國新聞社法蘭克福九日電〕西德十一邦總理將於星期五在哥德斯堡會商過波恩憲法後之各問題。,5_plain_merge
constitutional,33480,xianfa;zhixian,7231;35774,xianfa,28,7_small_index,A2013040226246,SP,申報,1949-05-10,02,,民國38年 日昭和24年,民國38年,日昭和24年,,,,F,,八月中印獨立紀念 制憲會將公布憲法,路透社新德里九日電,印度制憲議會將於五月十六日在此召開末次會議以完成草憲之最後工作，該項憲草完成後，將於八月十五日印度獨立二週年紀念日公布。 〔法國新聞社新德里八日電〕巴基斯坦電臺今日廣播稱，聯合國印巴問題委員會，已決定展緩印巴兩國答覆該委員會所提休戰協定草案之期限。,八月中印獨立紀念 制憲會將公布憲法 路透社新德里九日電 印度制憲議會將於五月十六日在此召開末次會議以完成草憲之最後工作，該項憲草完成後，將於八月十五日印度獨立二週年紀念日公布。 〔法國新聞社新德里八日電〕巴基斯坦電臺今日廣播稱，聯合國印巴問題委員會，已決定展緩印巴兩國答覆該委員會所提休戰協定草案之期限。,5_plain_merge
constitutional,33481,zhixian,35772,zhixian,15,7_small_index,A2013040226327,SP,申報,1949-05-11,02,,民國38年 日昭和24年,民國38年,日昭和24年,,,,F,,西德組織臨時政府 法國認為不合法 英外相貝文自德返倫敦,本報訊,倫敦十日廣播：法蘭克福訊，法國發言人稱，法軍事總督柯寗對十八人組織之西德臨時政府，將認為非法而加以否認。據波恩法國連絡官告德國領袖稱，五月十二或十三日渠與英美當局會晤時，柯寗將正式否決西德政府，以其與倫敦協定不相符合。美軍事總督克萊稱，倘柯寗表示反對，則波恩制憲議會所選出之十八人委員會即將解散。 〔法國新聞社倫敦十日電〕英外相貝文，今日自柏林飛返倫敦，共在柏林逗留三日。 〔路透社德國奥斯特華特九日電〕英貝文外相今日與西德三大領袖許瑪赫，波恩制憲議會議長亞特諾爾·及北萊茵威斯特法里總理阿諾特。官方聲明此次會談，純屬非正式性質，故不擬發表任何公報。貝文今夜留宿於此，明日取道荷蘭返英。,西德組織臨時政府 法國認為不合法 英外相貝文自德返倫敦 倫敦十日廣播：法蘭克福訊，法國發言人稱，法軍事總督柯寗對十八人組織之西德臨時政府，將認為非法而加以否認。據波恩法國連絡官告德國領袖稱，五月十二或十三日渠與英美當局會晤時，柯寗將正式否決西德政府，以其與倫敦協定不相符合。美軍事總督克萊稱，倘柯寗表示反對，則波恩制憲議會所選出之十八人委員會即將解散。 〔法國新聞社倫敦十日電〕英外相貝文，今日自柏林飛返倫敦，共在柏林逗留三日。 〔路透社德國奥斯特華特九日電〕英貝文外相今日與西德三大領袖許瑪赫，波恩制憲議會議長亞特諾爾·及北萊茵威斯特法里總理阿諾特。官方聲明此次會談，純屬非正式性質，故不擬發表任何公報。貝文今夜留宿於此，明日取道荷蘭返英。,2_drop_benbaoxun
constitutional,33482,xianfa,7226,xianfa,23,7_small_index,A2013040226443,SP,申報,1949-05-12,02,,民國38年 日昭和24年,民國38年,日昭和24年,,,,F,,四強外長會議前夕 艾契遜闡明立塲 美出席代表團名單公布傑塞普波倫今日飛巴黎,本報訊,華盛頓十一日廣播：美國務卿艾契遜在記者招待會中稱，東西兩方是否能在四強外長會議中獲致協議，須親蘇聯是否願意支持西方國家，使德國併人和平的歐洲集團而定。艾氏又稱：美國政策在使德國統一，保證全體人民均享有基本民權。美國不擬接受不能保障此種基本權利之任何統一德國建議。艾氏盛讚西德領袖草擬德國聯邦憲法獲得團滿成績。 〔路透社倫敦十日電〕「紐約時報」倫教記者報告稱，員文外相訪德歸來後，立即開始準備五月廿三日在巴黎舉行之區 外長會議。一般人士對於此次會議之收穫，尚有表示懷疑者。彼等認為除非蘇聯完全變更其在上屆外長會中所持之熊度，則巴黎會議難望有任何成就。就英美法三國言，彼等對於目標均持堅定熊度，彼等相信蘇聯之決定解除封鎖，僅為變更手段而非變更原則，其主要目標仍為將德國置入蘇聯勢力圈內。至目前為止，三強在巴黎會談中的目標已完全趨於一致，惟在會中所取手段或方策，尚待統一。此間觀察家相信，蘇聯在巴黎外長會中所取之政策，將以去年六月蘇聯與其衛星國在華沙所擬之德國計劃為基礎。該次會後發表之宣言，建議〔一〕完全解除德國武裝；〔二〕四強共管魯爾工業區；〔三〕四強就觀織各黨全德政府之事獲致協議；〔四〕與德締結和約，俾於和約簽字一年後撤退駐德佔領軍；〔五〕擬具使德給付賠償的措施。 〔美國新聞處華盛頓十日電〕五月廿三日在巴黎開幕之外長會議，美國首席代表將由國務卿艾契遜担任，美無定所大使傑塞普將任交替代表。國務院今日公佈美代表國臨時人選如次：聯合國美代表杜爾斯將任代表團顧問，杜氏係共和黨外交問題專家之一。國務院德奧司長墨飛將任德國問題美國副代表，墨飛原係美駐德軍事長官古萊政治顧問。國務卿特別 辦白特爾及無定所大使特別幫辦岳斯特，將分任美主席代表及交替代表特別助理。國務院國際会議組长克契納將任代表團秘書長。代表團其他顾問計有國務院参議波倫，國務卿德奧事務幫辦皮姆，東歐司長賴哈特，德國政治事務組長特里維，德國經濟事務組組長賴因斯坦，德奧司職員哈萊遜，國務院德國問題法律顧問奧本哈墨。代表團新聞發佈將由國務院新聞連絡官麥克德 處理。傑塞普及波倫將於十二日赴巴黎，俾在外長會議揭幕前先作初步商談。艾契遜及其他代表則將於下過杪乘機赴法。,四強外長會議前夕 艾契遜闡明立塲 美出席代表團名單公布傑塞普波倫今日飛巴黎 華盛頓十一日廣播：美國務卿艾契遜在記者招待會中稱，東西兩方是否能在四強外長會議中獲致協議，須親蘇聯是否願意支持西方國家，使德國併人和平的歐洲集團而定。艾氏又稱：美國政策在使德國統一，保證全體人民均享有基本民權。美國不擬接受不能保障此種基本權利之任何統一德國建議。艾氏盛讚西德領袖草擬德國聯邦憲法獲得團滿成績。 〔路透社倫敦十日電〕「紐約時報」倫教記者報告稱，員文外相訪德歸來後，立即開始準備五月廿三日在巴黎舉行之區 外長會議。一般人士對於此次會議之收穫，尚有表示懷疑者。彼等認為除非蘇聯完全變更其在上屆外長會中所持之熊度，則巴黎會議難望有任何成就。就英美法三國言，彼等對於目標均持堅定熊度，彼等相信蘇聯之決定解除封鎖，僅為變更手段而非變更原則，其主要目標仍為將德國置入蘇聯勢力圈內。至目前為止，三強在巴黎會談中的目標已完全趨於一致，惟在會中所取手段或方策，尚待統一。此間觀察家相信，蘇聯在巴黎外長會中所取之政策，將以去年六月蘇聯與其衛星國在華沙所擬之德國計劃為基礎。該次會後發表之宣言，建議〔一〕完全解除德國武裝；〔二〕四強共管魯爾工業區；〔三〕四強就觀織各黨全德政府之事獲致協議；〔四〕與德締結和約，俾於和約簽字一年後撤退駐德佔領軍；〔五〕擬具使德給付賠償的措施。 〔美國新聞處華盛頓十日電〕五月廿三日在巴黎開幕之外長會議，美國首席代表將由國務卿艾契遜担任，美無定所大使傑塞普將任交替代表。國務院今日公佈美代表國臨時人選如次：聯合國美代表杜爾斯將任代表團顧問，杜氏係共和黨外交問題專家之一。國務院德奧司長墨飛將任德國問題美國副代表，墨飛原係美駐德軍事長官古萊政治顧問。國務卿特別 辦白特爾及無定所大使特別幫辦岳斯特，將分任美主席代表及交替代表特別助理。國務院國際会議組长克契納將任代表團秘書長。代表團其他顾問計有國務院参議波倫，國務卿德奧事務幫辦皮姆，東歐司長賴哈特，德國政治事務組長特里維，德國經濟事務組組長賴因斯坦，德奧司職員哈萊遜，國務院德國問題法律顧問奧本哈墨。代表團新聞發佈將由國務院新聞連絡官麥克德 處理。傑塞普及波倫將於十二日赴巴黎，俾在外長會議揭幕前先作初步商談。艾契遜及其他代表則將於下過杪乘機赴法。,2_drop_benbaoxun
constitutional,33483,xianfa,7224,xianfa,21,7_small_index,A2013040226448,SP,申報,1949-05-12,02,,民國38年 日昭和24年,民國38年,日昭和24年,,,,F,,向德人民話別 克萊語重心長,聯合社柏林十一日電,德境美軍總督克萊即將退休返國，今日向德境美英合併區經委會話別，據稱，美國希望德國統一，抵要各佔區同樣保嶂波恩憲法所包括之自由。德人應致力三大工作：〔一〕認識盲由〔二〕立志永不放棄自由；〔三〕適當運用自由。克萊此種言論，典德境英軍總督羅勃森，前此之聲明相一致，羅氏曾謂西方國家決不在巴黎外長會議中，出賣基本民主的權利。,向德人民話別 克萊語重心長 聯合社柏林十一日電 德境美軍總督克萊即將退休返國，今日向德境美英合併區經委會話別，據稱，美國希望德國統一，抵要各佔區同樣保嶂波恩憲法所包括之自由。德人應致力三大工作：〔一〕認識盲由〔二〕立志永不放棄自由；〔三〕適當運用自由。克萊此種言論，典德境英軍總督羅勃森，前此之聲明相一致，羅氏曾謂西方國家決不在巴黎外長會議中，出賣基本民主的權利。,5_plain_merge
constitutional,33484,xianfa,7228,xianfa,25,7_small_index,A2013040226449,SP,申報,1949-05-12,02,,民國38年 日昭和24年,民國38年,日昭和24年,,,,F,,西德新憲法 可獲盟國批准,路透社柏秣十日電,據英軍政府發言人宣布，三強總督將於十二日下午在法蘭克福開會，以便批准西德憲法。盟國官員相信三督將於十二日或十三日在法蘭克福簽准該憲法。,西德新憲法 可獲盟國批准 路透社柏秣十日電 據英軍政府發言人宣布，三強總督將於十二日下午在法蘭克福開會，以便批准西德憲法。盟國官員相信三督將於十二日或十三日在法蘭克福簽准該憲法。,5_plain_merge
constitutional,33485,zhixian,35771,zhixian,14,7_small_index,A2013040226450,SP,申報,1949-05-12,02,,民國38年 日昭和24年,民國38年,日昭和24年,,,,F,,西德決建都波恩 貝多芬誕生地風景幽美,路透社西德波恩城十日電,西德制憲議會業於下日晚，以 三票之多數，通過以萊茵河岸風景出勝之波恩城為德國聯邦共和國之首都。表決時贊成定法鬧克福為首都者廿九票，兩共黨議員均棄權。按波恩為大音樂家貝多芬之故鄉，為著名的大學城及學術中心。一九四四年大轟炸時，大學及圖書館泰半被毀，貝多芬之故居及貝多芬博物院幸告無恙。 〔合眾祇波恩十日電〕制憲議會又以卅六對廿八票通過西德政權選舉法案二讀。該案規定凡曾為納粹黨員者，不得當選為國會議員或共和國總統。又規定下院議員為四百人，內半數以大多數之基礎選出，其餘半數依照比例派出。,西德決建都波恩 貝多芬誕生地風景幽美 路透社西德波恩城十日電 西德制憲議會業於下日晚，以 三票之多數，通過以萊茵河岸風景出勝之波恩城為德國聯邦共和國之首都。表決時贊成定法鬧克福為首都者廿九票，兩共黨議員均棄權。按波恩為大音樂家貝多芬之故鄉，為著名的大學城及學術中心。一九四四年大轟炸時，大學及圖書館泰半被毀，貝多芬之故居及貝多芬博物院幸告無恙。 〔合眾祇波恩十日電〕制憲議會又以卅六對廿八票通過西德政權選舉法案二讀。該案規定凡曾為納粹黨員者，不得當選為國會議員或共和國總統。又規定下院議員為四百人，內半數以大多數之基礎選出，其餘半數依照比例派出。,5_plain_merge
constitutional,33486,xianfa,7227,xianfa,24,7_small_index,A2013040226453,SP,申報,1949-05-12,02,,民國38年 日昭和24年,民國38年,日昭和24年,,,,F,,法內閣核准大西洋公約 附保留條件批准兩德憲法,本報訊,倫敦十一日廣播：巴黎訊，法內閣無條件批准大西洋公約及建議中之歐洲議會。內關於舉行三小時會義後，發表公報稱：該兩案即將 呈歐禮和總統批准，然後提交國民議會以待辯論。此外內閣復批准西德憲法，附有若干保留。,法內閣核准大西洋公約 附保留條件批准兩德憲法 倫敦十一日廣播：巴黎訊，法內閣無條件批准大西洋公約及建議中之歐洲議會。內關於舉行三小時會義後，發表公報稱：該兩案即將 呈歐禮和總統批准，然後提交國民議會以待辯論。此外內閣復批准西德憲法，附有若干保留。,2_drop_benbaoxun
constitutional,33487,xianfa;zhixian,7223;35770,xianfa,20,7_small_index,A2013040226455,SP,申報,1949-05-12,02,,民國38年 日昭和24年,民國38年,日昭和24年,,,,F,,西德國基本法律 保障人權防止再侵略 呼召全國統一奠定和平基礎,聯合社波恩十日電,德意志聯邦新憲法一百四十六條，在世界各國憲法史上獨樹一幟。其最有憲義之條文，規定禁止侵略戰，而以國家主權移屬將來之歐洲聯邦，尤屬創舉。其人權一章承認「人的尊嚴不可侵略……」。一切郵電檢查，新聞檢查，書報雜誌檢查概在禁止之列。新憲法一面使德人遵守國際公法，一面給以更大之自由，此種自由即在新特勒之前，德人亦未享受過。 任何野心家「以武力或企圖以武力」變更憲法，或篡奪國家元首之職權而自成為獨裁者，須受終身監禁之處分。德國政界領袖譽此憲法為「舉世最前進之憲章」。 其次，憲法條文一再呼召全國統一，聲明西德國僅屬暫時性質，足見其並不歡正式使東西兩部永久分裂。其序文稱，「德國人民深知其對於上帝對放人類之責任，決心保特其民族及政治之統一，在歐洲聯邦中以平等地位貢獻於世界和平，茲本其制憲職權，制定此德意志聯邦共和國之基本大法，俾為過渡時期之政治生活賦以新秩序。太議會之所為，且係代表其他德國人民〔指東德〕，他們的參加並未加以拒絕。德意志全體人民現須以自由自決，完成德國之自由及統一」。憲法規定疆域一條亦用「暫時」字樣。 彼恩憲法為著重和平起見，未規定編練陸軍或宣戰權，並聲明任何德人不得「違反其良心」，被徵服兵役。其禁止侵略戰或準備侵賂戰一條稱：「任何行為凡擾亂或意圖擾亂各國和平關係者，尤其是準備侵略戰者，實屬違反憲法，應受懲處」。德國安全須賴國際集體保護，其主權規定移屬「國際機構」如歐洲聯邦之類。為維議和平計，德國聯邦得參加「互助的集體安全組織」。 關於人權一章，新憲法規定：〔一〕各人在法律之前，一列平等。〔二〕出版自由及以無綫電與電影報導自由應受保障，不得檢查。〔三〕全體德國人民，無須事前通知或獲得許可，得從事和平無武裝之集會。〔四〕住宅不可侵犯。〔五〕任何人不得因性別，血統，種族，文字，信仰或政治思想而受歧視或取得特權」。〔六〕「各邦職權係人民所賦予，應由人民以立法，行政及司法機關執行之。」。 憲法聲明人民可「自由組成」各種政黨，惟亦奠定禁止共產黨或任何軍國主義派活動之張本，規定各政黨必須根據「民主原則」如企圖危害「自由民主基本秩序」者，或危害聯邦存在者，均屬違反憲法。,西德國基本法律 保障人權防止再侵略 呼召全國統一奠定和平基礎 聯合社波恩十日電 德意志聯邦新憲法一百四十六條，在世界各國憲法史上獨樹一幟。其最有憲義之條文，規定禁止侵略戰，而以國家主權移屬將來之歐洲聯邦，尤屬創舉。其人權一章承認「人的尊嚴不可侵略……」。一切郵電檢查，新聞檢查，書報雜誌檢查概在禁止之列。新憲法一面使德人遵守國際公法，一面給以更大之自由，此種自由即在新特勒之前，德人亦未享受過。 任何野心家「以武力或企圖以武力」變更憲法，或篡奪國家元首之職權而自成為獨裁者，須受終身監禁之處分。德國政界領袖譽此憲法為「舉世最前進之憲章」。 其次，憲法條文一再呼召全國統一，聲明西德國僅屬暫時性質，足見其並不歡正式使東西兩部永久分裂。其序文稱，「德國人民深知其對於上帝對放人類之責任，決心保特其民族及政治之統一，在歐洲聯邦中以平等地位貢獻於世界和平，茲本其制憲職權，制定此德意志聯邦共和國之基本大法，俾為過渡時期之政治生活賦以新秩序。太議會之所為，且係代表其他德國人民〔指東德〕，他們的參加並未加以拒絕。德意志全體人民現須以自由自決，完成德國之自由及統一」。憲法規定疆域一條亦用「暫時」字樣。 彼恩憲法為著重和平起見，未規定編練陸軍或宣戰權，並聲明任何德人不得「違反其良心」，被徵服兵役。其禁止侵略戰或準備侵賂戰一條稱：「任何行為凡擾亂或意圖擾亂各國和平關係者，尤其是準備侵略戰者，實屬違反憲法，應受懲處」。德國安全須賴國際集體保護，其主權規定移屬「國際機構」如歐洲聯邦之類。為維議和平計，德國聯邦得參加「互助的集體安全組織」。 關於人權一章，新憲法規定：〔一〕各人在法律之前，一列平等。〔二〕出版自由及以無綫電與電影報導自由應受保障，不得檢查。〔三〕全體德國人民，無須事前通知或獲得許可，得從事和平無武裝之集會。〔四〕住宅不可侵犯。〔五〕任何人不得因性別，血統，種族，文字，信仰或政治思想而受歧視或取得特權」。〔六〕「各邦職權係人民所賦予，應由人民以立法，行政及司法機關執行之。」。 憲法聲明人民可「自由組成」各種政黨，惟亦奠定禁止共產黨或任何軍國主義派活動之張本，規定各政黨必須根據「民主原則」如企圖危害「自由民主基本秩序」者，或危害聯邦存在者，均屬違反憲法。,5_plain_merge
constitutional,33488,xianfa,7229,xianfa,26,7_small_index,A2013040226457,SP,申報,1949-05-12,02,,民國38年 日昭和24年,民國38年,日昭和24年,,,,F,,印對外政策與各國友好,本報訊,尼氏認為絕大多數人民皆歡迎此決議，彼謂：「余已屢次宣佈，吾人之對外政策為努力求和平。且與一切國家獲得友好關係，而避免加入政治集團，此仍為吾人政策之準繩，吾人於頗久前，即發誓完成印度之完全獨立，此點今已完成，但印度與聯邦中其他各邦聯合並不因此喪失其獨立，蓋此項聯合，完全自由，絕無任何義務也。吾人需知，聯邦並無超然國家之意義，吾人已同意將英王視為此自由聯合之象徵首長，但英王對聯邦之地位並無任何職權，英王在印度憲法中，並無任何地位，故吾人不必向其效忠，余在作此決議時，當然顧及印度之利益，蓋此為余之第一個責任，但余一向認為最大之責任，為全世界之福利，此為聖雄甘地所予吾人之教訓。聖雄亦教導吾人在維持印度自由及尊嚴之原則下，追求和平之道，且與其他各國友善，世界今日充滿戰鬥，大災已在醞釀中，人類心中之仇恨恐懼與猜疑，已膜蔽彼等之視覺，因此吾人對任何足以減少世界摩擦之行動無不表示歡迎。,印對外政策與各國友好 尼氏認為絕大多數人民皆歡迎此決議，彼謂：「余已屢次宣佈，吾人之對外政策為努力求和平。且與一切國家獲得友好關係，而避免加入政治集團，此仍為吾人政策之準繩，吾人於頗久前，即發誓完成印度之完全獨立，此點今已完成，但印度與聯邦中其他各邦聯合並不因此喪失其獨立，蓋此項聯合，完全自由，絕無任何義務也。吾人需知，聯邦並無超然國家之意義，吾人已同意將英王視為此自由聯合之象徵首長，但英王對聯邦之地位並無任何職權，英王在印度憲法中，並無任何地位，故吾人不必向其效忠，余在作此決議時，當然顧及印度之利益，蓋此為余之第一個責任，但余一向認為最大之責任，為全世界之福利，此為聖雄甘地所予吾人之教訓。聖雄亦教導吾人在維持印度自由及尊嚴之原則下，追求和平之道，且與其他各國友善，世界今日充滿戰鬥，大災已在醞釀中，人類心中之仇恨恐懼與猜疑，已膜蔽彼等之視覺，因此吾人對任何足以減少世界摩擦之行動無不表示歡迎。,2_drop_benbaoxun
constitutional,33489,xianfa,7225,xianfa,22,7_small_index,A2013040226468,SP,申報,1949-05-12,02,,民國38年 日昭和24年,民國38年,日昭和24年,,,,F,,東德人民議會 將辦理選舉,英國新開處倫數十一日電,德境蘇佔區與柏林蘇佔區將於本月十五十六兩日，舉行新人民議會選舉。該人民議會將審查及通過「德國民主共和國」憲法草案，該草案係由人民理事會所擬訂，並於三月十九日經該會通過。該憲法中並無防止一黨專政之 制與平衡制度，已為非共產之德國報紙嚴加指責。人民誶會及人民理事會之整個組織，表面上雖代表各黨各派及全體德國人民，然全為蘇區共黨分子及其黨羽所操縱，並朱為多數人民所擁護。去年 夏季節，該組織會擬舉行全民投票，當時美軍佔區未准人民簽名，英佔區中雖 准許，然支持者寥寥。,東德人民議會 將辦理選舉 英國新開處倫數十一日電 德境蘇佔區與柏林蘇佔區將於本月十五十六兩日，舉行新人民議會選舉。該人民議會將審查及通過「德國民主共和國」憲法草案，該草案係由人民理事會所擬訂，並於三月十九日經該會通過。該憲法中並無防止一黨專政之 制與平衡制度，已為非共產之德國報紙嚴加指責。人民誶會及人民理事會之整個組織，表面上雖代表各黨各派及全體德國人民，然全為蘇區共黨分子及其黨羽所操縱，並朱為多數人民所擁護。去年 夏季節，該組織會擬舉行全民投票，當時美軍佔區未准人民簽名，英佔區中雖 准許，然支持者寥寥。,5_plain_merge
constitutional,33490,zhixian,35769,zhixian,12,7_small_index,A2013040226558,SP,申報,1949-05-13,02,,民國38年 日昭和24年,民國38年,日昭和24年,,,,F,,柏林鐵路公路交通開放 德國人民歡欣若狂 美英東駛列車安抵目的地,合眾社柏林十二日電,蘇方對柏林之對鎖，巳於今日午夜十二時零一分〔柏林時間，上海時間十二日晨七時零一分〕告終，卡軍，汽車，吉普車開始在柏林興英蘇佔區邊界之赫姆斯台特兩地間高速度汽車道上往返疾馳。解除對鎖之時限到來時，柏林蘇區內之電力廠僅量發電，西區中燈火輝煌。戰爭結束以來，此為柏林最歡樂之夜，酒吧間咖啡館與夜總會通查營業，顧客滿座。據國西部飛機塲之盟國飛行員亦辦飲慶祝。 〔職合社柏林十二日電〕柏林今日準備慶祝對鎖解除，學校停課，多數商店停榮，平民數千人將聚焦柏林西區市政廳前，探聽西德三國軍事總督之慶祝情形。西德制憲議會已派代表團前來柏林參加慶祝。 〔路透社柏林十二日電〕盟國空運飛機今日繼續每隔九十秒鐘，降落柏林一架，並不因地面交通之恢復而停止活動。西柏林市議會今晨召開特別會，以討論對鎖解除後的市政計劃，當英美法總督蒞塲列席時，場外市民歡呼聲雷動。蘇區各工廠於下午齊嗚汽笛，以紀念「區間諒解的獲得」。同時東柏林區並召開民眾大會，以表示「柏林市民不忘統一柏林及德國的意志」。封鎖後第一列自柏林駛出之火車，為一德國區間客車，於下午一時半駛離柏林。在柏林及東西德交界處各蘇方檢問站內，鮮聯官員均面 笑容，和靄地檢視住來人車之文件。前此懷疑蘇聯於最後仍將留 的人土，莫不為之松一口氣。 〔路透社柏林十二日電〕西德第一列軍用火車於今晨一時廿三分開出，至五時卅分駛抵柏林英區夏浴登堡車站，較預定時間早一小時。該車由一巨型機頭拖曳， 滿綠色樹枝。車上有英美及其他盟國記者多人，英方執事人負，及英美兩合區運輸部主任英格里斯。據英氏稱，封鎖之解除，將使英美兩合區問與棘聯區間之十二條鐵道綫開放，此外內河運輸每日至少亦可載貨四千噸至柏林，公路運輸量亦至為可襯。 〔法國新聞社柏林十二日電〕柏林解除封鎖後第一輛汽車，於本地時間一時四十四分駛入柏林城，該車由合眾社德國分社經理倫特爾所駕駛，據稱，此行極為順利。 〔法國新聞社柏林十二日電〕第一列美軍用火車自法蘭克福駛出，已於今晨九時四十六分駛抵柏林。又第一列德國際火車於九時十分駛離漢諾威取道西台特開往柏林。 〔法國新聞社柏林十二日電〕第一列盟國貨車於今日午後抵達柏林，自魯爾區載來燃煤四十二噸。,柏林鐵路公路交通開放 德國人民歡欣若狂 美英東駛列車安抵目的地 合眾社柏林十二日電 蘇方對柏林之對鎖，巳於今日午夜十二時零一分〔柏林時間，上海時間十二日晨七時零一分〕告終，卡軍，汽車，吉普車開始在柏林興英蘇佔區邊界之赫姆斯台特兩地間高速度汽車道上往返疾馳。解除對鎖之時限到來時，柏林蘇區內之電力廠僅量發電，西區中燈火輝煌。戰爭結束以來，此為柏林最歡樂之夜，酒吧間咖啡館與夜總會通查營業，顧客滿座。據國西部飛機塲之盟國飛行員亦辦飲慶祝。 〔職合社柏林十二日電〕柏林今日準備慶祝對鎖解除，學校停課，多數商店停榮，平民數千人將聚焦柏林西區市政廳前，探聽西德三國軍事總督之慶祝情形。西德制憲議會已派代表團前來柏林參加慶祝。 〔路透社柏林十二日電〕盟國空運飛機今日繼續每隔九十秒鐘，降落柏林一架，並不因地面交通之恢復而停止活動。西柏林市議會今晨召開特別會，以討論對鎖解除後的市政計劃，當英美法總督蒞塲列席時，場外市民歡呼聲雷動。蘇區各工廠於下午齊嗚汽笛，以紀念「區間諒解的獲得」。同時東柏林區並召開民眾大會，以表示「柏林市民不忘統一柏林及德國的意志」。封鎖後第一列自柏林駛出之火車，為一德國區間客車，於下午一時半駛離柏林。在柏林及東西德交界處各蘇方檢問站內，鮮聯官員均面 笑容，和靄地檢視住來人車之文件。前此懷疑蘇聯於最後仍將留 的人土，莫不為之松一口氣。 〔路透社柏林十二日電〕西德第一列軍用火車於今晨一時廿三分開出，至五時卅分駛抵柏林英區夏浴登堡車站，較預定時間早一小時。該車由一巨型機頭拖曳， 滿綠色樹枝。車上有英美及其他盟國記者多人，英方執事人負，及英美兩合區運輸部主任英格里斯。據英氏稱，封鎖之解除，將使英美兩合區問與棘聯區間之十二條鐵道綫開放，此外內河運輸每日至少亦可載貨四千噸至柏林，公路運輸量亦至為可襯。 〔法國新聞社柏林十二日電〕柏林解除封鎖後第一輛汽車，於本地時間一時四十四分駛入柏林城，該車由合眾社德國分社經理倫特爾所駕駛，據稱，此行極為順利。 〔法國新聞社柏林十二日電〕第一列美軍用火車自法蘭克福駛出，已於今晨九時四十六分駛抵柏林。又第一列德國際火車於九時十分駛離漢諾威取道西台特開往柏林。 〔法國新聞社柏林十二日電〕第一列盟國貨車於今日午後抵達柏林，自魯爾區載來燃煤四十二噸。,5_plain_merge
constitutional,33491,xianfa;zhixian,7222;35768,xianfa,19,7_small_index,A2013040226560,SP,申報,1949-05-13,02,,民國38年 日昭和24年,民國38年,日昭和24年,,,,F,,東憲法 在起草中,路透社柏林十二日電,東德領袖人民議會主席諾許克昨日聲稱，欲在西德憲法與正由德人民委會起草中的東德憲法之間，獲得折衷方案，並不困難，在起草中的東德憲法，須經人民大會批准後始能生效。人民大會代表將於本週末選舉，然後即根據人民委會起草之憲法，逐條加以討論。諾氏並稱，渠所領導的人民委會將不贊成由東德與西德諸邦合組散漫的聯邦，除此以外，人民委會願意贊成任何確保德國統一的折衷憲法。 〔法國新聞社柏林十一日電〕彼恩制憲議會主席亞丹諾今日下午乘機抵此後招待記者稱，波恩議會將拒絕與東區之所謂「人民議會」發生接觸，蓋此人民議會並不具有民主憲法。亞氏又謂，新憲法將於二週內公佈，在公佈後即將舉行選舉，使政府能於今夏開始成立。,東憲法 在起草中 路透社柏林十二日電 東德領袖人民議會主席諾許克昨日聲稱，欲在西德憲法與正由德人民委會起草中的東德憲法之間，獲得折衷方案，並不困難，在起草中的東德憲法，須經人民大會批准後始能生效。人民大會代表將於本週末選舉，然後即根據人民委會起草之憲法，逐條加以討論。諾氏並稱，渠所領導的人民委會將不贊成由東德與西德諸邦合組散漫的聯邦，除此以外，人民委會願意贊成任何確保德國統一的折衷憲法。 〔法國新聞社柏林十一日電〕彼恩制憲議會主席亞丹諾今日下午乘機抵此後招待記者稱，波恩議會將拒絕與東區之所謂「人民議會」發生接觸，蓋此人民議會並不具有民主憲法。亞氏又謂，新憲法將於二週內公佈，在公佈後即將舉行選舉，使政府能於今夏開始成立。,5_plain_merge
constitutional,33492,xianfa;zhixian,7220;35766,xianfa,17,7_small_index,A2013040226653,SP,申報,1949-05-14,02,,民國38年 日昭和24年,民國38年,日昭和24年,,,,F,,美英法三督附保留條件 批准西德新憲法 政務暫由十一邦總理負責處理,合衆社法蘭克福十二日電,美英法佔領軍總司令今日以軍事總督資格，批准波恩制憲議會所通過設立西德政府之憲法。一般認為彼等於柏林封銷解除後廿四小時內採取此舉，實為重申盟國決心組織西德政府，直至和約簽訂或簽訂前蘇方有願予合作之表示。 盟軍司令並未改變憲法之字句，但作六項保留，盟軍司令復向波恩制憲議會道賀其在困難環境下，圓滿完成此艱難任務。憲法旣經盟方批准，德人逐步舉行選舉，或許在七月中旬舉行，俾在國會兩院之外有一政府，設總統與總理各一人。盟軍司令對於憲法所作保留如下：〔一〕通知德人弗忘行政與立法兩項權力，均須受盟國佔領軍命令之限制。〔二〕聯邦政府從西德各邦徵用警察之權力，以得盟軍當局特別核准時為限。〔三〕不詳。〔四〕非待和約簽訂，不能實行改變西德邊境之特殊權力。〔五〕說明德國各邦給予聯邦政府之若干立法權，須經盟方愼密檢討。〔六〕審愼限制聯邦政府從各邦接掌權力，以求經濟平等之權。波恩制憲議會擬設一十八人「執行委員會」，執行政府工作，以待西德政府正式成立一節盟軍司令旣未加以批准，亦未否決。美軍總司令克萊稱，此項問題留待西德佔領區十一邦之行政長官辦理。,美英法三督附保留條件 批准西德新憲法 政務暫由十一邦總理負責處理 合衆社法蘭克福十二日電 美英法佔領軍總司令今日以軍事總督資格，批准波恩制憲議會所通過設立西德政府之憲法。一般認為彼等於柏林封銷解除後廿四小時內採取此舉，實為重申盟國決心組織西德政府，直至和約簽訂或簽訂前蘇方有願予合作之表示。 盟軍司令並未改變憲法之字句，但作六項保留，盟軍司令復向波恩制憲議會道賀其在困難環境下，圓滿完成此艱難任務。憲法旣經盟方批准，德人逐步舉行選舉，或許在七月中旬舉行，俾在國會兩院之外有一政府，設總統與總理各一人。盟軍司令對於憲法所作保留如下：〔一〕通知德人弗忘行政與立法兩項權力，均須受盟國佔領軍命令之限制。〔二〕聯邦政府從西德各邦徵用警察之權力，以得盟軍當局特別核准時為限。〔三〕不詳。〔四〕非待和約簽訂，不能實行改變西德邊境之特殊權力。〔五〕說明德國各邦給予聯邦政府之若干立法權，須經盟方愼密檢討。〔六〕審愼限制聯邦政府從各邦接掌權力，以求經濟平等之權。波恩制憲議會擬設一十八人「執行委員會」，執行政府工作，以待西德政府正式成立一節盟軍司令旣未加以批准，亦未否決。美軍總司令克萊稱，此項問題留待西德佔領區十一邦之行政長官辦理。,5_plain_merge
constitutional,33493,zhixian,35767,zhixian,10,7_small_index,A2013040226655,SP,申報,1949-05-14,02,,民國38年 日昭和24年,民國38年,日昭和24年,,,,F,,西德人民關懷同胞,法國新聞社柏林十二日電,西德制憲議會代表今日在柏林美軍區內，向三十萬德人之會中演說，對德國東西兩區合併後，整個德國可能被「布爾希維克化」一點，表示憂懼，西德議會社會民主黨集團之領袖計密，將謂東區及柏林目下之情形，使惡勢力可自由進入西德。波恩制憲議會主席亞丹諾繼之演說稱，柏林已成為對東方之前哨，德國人民對將來不應過分樂觀，亦不應太悲觀。基督敎民主黨之愷撒宣稱，祖國之大部份今日仍籠罩於黑暗下，且謂，西德人民並未忘却蘇軍區中之同胞。柏林社會民主黨領袖諾曼最後演說謂，德人不願成為唯命是從者。彼對東德區中之社會統一黨猛烈抨擊稱，希特勒必曾在總統府中遺下某種政治方法，而被社會統一黨所利用。彼要求東方政治家退出柏林，「蓋彼等之行為，乃希特勒政權之作孽。」,西德人民關懷同胞 法國新聞社柏林十二日電 西德制憲議會代表今日在柏林美軍區內，向三十萬德人之會中演說，對德國東西兩區合併後，整個德國可能被「布爾希維克化」一點，表示憂懼，西德議會社會民主黨集團之領袖計密，將謂東區及柏林目下之情形，使惡勢力可自由進入西德。波恩制憲議會主席亞丹諾繼之演說稱，柏林已成為對東方之前哨，德國人民對將來不應過分樂觀，亦不應太悲觀。基督敎民主黨之愷撒宣稱，祖國之大部份今日仍籠罩於黑暗下，且謂，西德人民並未忘却蘇軍區中之同胞。柏林社會民主黨領袖諾曼最後演說謂，德人不願成為唯命是從者。彼對東德區中之社會統一黨猛烈抨擊稱，希特勒必曾在總統府中遺下某種政治方法，而被社會統一黨所利用。彼要求東方政治家退出柏林，「蓋彼等之行為，乃希特勒政權之作孽。」,5_plain_merge
constitutional,33494,xianfa,7221,xianfa,18,7_small_index,A2013040226667,SP,申報,1949-05-14,02,,民國38年 日昭和24年,民國38年,日昭和24年,,,,F,,柏林封鎖雖已解除 英美空運仍不輟 克萊勗德人為爭取自由奮鬥,合衆社柏林十二日電,柏林封鎖雖已解除，盟方當局及德人仍懷疑的注視俄人。空運仍在繼續，其意義為一種警吿，意謂西方國家對冷戰中可能新戰爭有所準備。封鎖解除後數小時，蘇聯發動頗有聲勢之宣傳運動，欲參加管制魯爾工業區。 據披露，英美決繼續空運，直至柏林貯有二十萬噸食物後，以防蘇聯有任何詭計。迄十二日正午之廿四小時中，盟方飛機共飛行一千零八次，運抵柏林之供應品共計九千零四十七噸。 〔合衆社柏林十二日電〕卸任德境美軍司令克萊今日吿歡然慶祝封鎖解除之柏林市民稱，彼等已取得自由，應聯合蘇聯佔領之德國共同保衛彼等之自由。克萊係在柏林西區市議會特別會議中致詞道別，謂渠亦與德人同樣，切望德國統一。聽衆聞言，歡呼雷動。但克萊又警吿稱，「但決不能犧牲波恩新憲法所保證之自由以取得統一。」波恩憲法係西德政治領袖擬定，作為永久性西德政府之基礎，蘇佔領區之德人並未參加。克萊復稱，封鎖結束，其意義不僅在火車與卡車重又行駛而已，尚有更切之意義。柏林人民已取得自由之權，將為各地愛好自由之人所接受。英法軍司令均將同意我人一如諸君欲見德國統一，但統一之到來，決不可犧牲甫在波恩通過憲法所保證之自由。柏林市民之選取自由，準備接受犧牲以保自由者，與英美空運飛行員同為「封鎖中之眞正英雄。」,柏林封鎖雖已解除 英美空運仍不輟 克萊勗德人為爭取自由奮鬥 合衆社柏林十二日電 柏林封鎖雖已解除，盟方當局及德人仍懷疑的注視俄人。空運仍在繼續，其意義為一種警吿，意謂西方國家對冷戰中可能新戰爭有所準備。封鎖解除後數小時，蘇聯發動頗有聲勢之宣傳運動，欲參加管制魯爾工業區。 據披露，英美決繼續空運，直至柏林貯有二十萬噸食物後，以防蘇聯有任何詭計。迄十二日正午之廿四小時中，盟方飛機共飛行一千零八次，運抵柏林之供應品共計九千零四十七噸。 〔合衆社柏林十二日電〕卸任德境美軍司令克萊今日吿歡然慶祝封鎖解除之柏林市民稱，彼等已取得自由，應聯合蘇聯佔領之德國共同保衛彼等之自由。克萊係在柏林西區市議會特別會議中致詞道別，謂渠亦與德人同樣，切望德國統一。聽衆聞言，歡呼雷動。但克萊又警吿稱，「但決不能犧牲波恩新憲法所保證之自由以取得統一。」波恩憲法係西德政治領袖擬定，作為永久性西德政府之基礎，蘇佔領區之德人並未參加。克萊復稱，封鎖結束，其意義不僅在火車與卡車重又行駛而已，尚有更切之意義。柏林人民已取得自由之權，將為各地愛好自由之人所接受。英法軍司令均將同意我人一如諸君欲見德國統一，但統一之到來，決不可犧牲甫在波恩通過憲法所保證之自由。柏林市民之選取自由，準備接受犧牲以保自由者，與英美空運飛行員同為「封鎖中之眞正英雄。」,5_plain_merge
constitutional,33495,xianfa,7218,xianfa,15,7_small_index,A2013040226749,SP,申報,1949-05-15,01,,民國38年 日昭和24年,民國38年,日昭和24年,,,,F,,立院臨時談話會 組織委會指導院內服務 非常時政府施行體制待院會決定,中央社廣州十四日電,立院十四日晨舉行臨時全院委員談話會，出席委員二〇六人，公推副院長劉健羣主席，當卽討論院內事務問題，經決定組織服務指導委員會，負責指導院內服務事宜，幷指定江一平·蔡培火·錢雲階·潘行興·李公權·白大誠·潘廉方等九人為委員。關於非常時期政府施行體制問題，會中亦曾論及，俟提出院會決定。 〔聯合社廣州十四日電〕立法院十四日舉行秘密會議，決定給予行政院長何應欽戰時緊急權力，以對共作戰，今後何氏之行動不受憲法或立法院決議之約束。同時，李宗仁派赴美國特使甘介侯今日飛往香港，聞携有李氏致杜魯門總統之親筆函，甘氏將嘗試懇請美國援助廣州中央政府。,立院臨時談話會 組織委會指導院內服務 非常時政府施行體制待院會決定 中央社廣州十四日電 立院十四日晨舉行臨時全院委員談話會，出席委員二〇六人，公推副院長劉健羣主席，當卽討論院內事務問題，經決定組織服務指導委員會，負責指導院內服務事宜，幷指定江一平·蔡培火·錢雲階·潘行興·李公權·白大誠·潘廉方等九人為委員。關於非常時期政府施行體制問題，會中亦曾論及，俟提出院會決定。 〔聯合社廣州十四日電〕立法院十四日舉行秘密會議，決定給予行政院長何應欽戰時緊急權力，以對共作戰，今後何氏之行動不受憲法或立法院決議之約束。同時，李宗仁派赴美國特使甘介侯今日飛往香港，聞携有李氏致杜魯門總統之親筆函，甘氏將嘗試懇請美國援助廣州中央政府。,5_plain_merge
constitutional,33496,xianfa,7219,xianfa,16,7_small_index,A2013040226759,SP,申報,1949-05-15,02,,民國38年 日昭和24年,民國38年,日昭和24年,,,,F,,西德政府成立前 設過渡機構 組織委員會處理行政,路透社德國哥特斯堡十三日電,西德諸邦總理今日起開始在此開會，以便於四強外長於五月廿三日開會以前，卽由西德諸邦批准德國共和國之憲法。三強軍事總督已於昨日授權西德總理開始設立聯邦政府的準備工作，彼等乃於今日設立三個小組會，一以設法政府所需用之房屋，一以準備立法，一以起草政府組織計劃。如能及時批准憲法，可於外長會召開之日，明令公布憲法之施行。,西德政府成立前 設過渡機構 組織委員會處理行政 路透社德國哥特斯堡十三日電 西德諸邦總理今日起開始在此開會，以便於四強外長於五月廿三日開會以前，卽由西德諸邦批准德國共和國之憲法。三強軍事總督已於昨日授權西德總理開始設立聯邦政府的準備工作，彼等乃於今日設立三個小組會，一以設法政府所需用之房屋，一以準備立法，一以起草政府組織計劃。如能及時批准憲法，可於外長會召開之日，明令公布憲法之施行。,5_plain_merge
constitutional,33497,zhixian,35765,zhixian,8,7_small_index,A2013040226844,SP,申報,1949-05-16,02,,民國38年 日昭和24年,民國38年,日昭和24年,,,,F,,檢討對德問題共同策略 三國代表會商滿意 奧要求四外長會討論奧和約,聯合社巴黎十五日電,美英法三國代表昨在法外部舉行秘密會議兩小時半，討論未來四外長會議時三國之一致策略。會後各代表對會議內容守口如瓶，十六日將繼續開會。今日與會者為英外次寇爾貝屈列克·美特使傑塞普與法外部秘書長巴洛第，又三國之德國問題專家亦列席。 〔法國新聞社巴黎十四日電〕法國外交人士對三國會談經過表示滿意。彼等暗示謂，會談僅為探討性質，又謂各項問題之討論，將於下星期開始。美方撤退佔領軍之建議，已再度被否認，但外交人士謂，此交不表示西方各國將在會談之初，即將提出積極性之具體建議。 〔法國新聞社倫敦十四日電〕英權威方面今日否認此間「晚星報」所載之消息，謂外次寇爾貝屈列克前往巴黎參加對德預備會議時，曾携有解決德國問題之詳細計劃。晚報又謂，此項計劃乃外長貝文擬就者。消息靈通人士稱，寇爾貝屈列克對三國預備會議，并未獲得任何硬性之指示。外相貝文日後前往巴黎時，亦不致具有堅定之計劃。若干方面謂，貝文上週在德國時，曾發表德國各政治領袖之意見，據稱，此次政治領袖要求西方佔領軍在波恩制憲議會所建立之新政府能應付任何由武力支持之政治示威前，不撤出德國。 〔法國新聞社巴黎十五日電〕巴黎奧國公使館之發言人對奧外長格魯勃昨日與英美法三國代表會談之結果，表示滿意，謂「西方各國對奧國代表所提之意見，甚能瞭解」。按格魯勃在昨日之會談中，曾請求西方各國代表將對奧和約問題包括於外長會議之議程內。彼於今晚離此前往維也納，但將在外長會議召開時返此。 〔法國新聞社巴黎十四日電〕美國新任駐法大使勃魯斯今日自華盛頓飛抵此間。大使告記者稱，彼不知是否將為四國外長會議中美代表團之一員。,檢討對德問題共同策略 三國代表會商滿意 奧要求四外長會討論奧和約 聯合社巴黎十五日電 美英法三國代表昨在法外部舉行秘密會議兩小時半，討論未來四外長會議時三國之一致策略。會後各代表對會議內容守口如瓶，十六日將繼續開會。今日與會者為英外次寇爾貝屈列克·美特使傑塞普與法外部秘書長巴洛第，又三國之德國問題專家亦列席。 〔法國新聞社巴黎十四日電〕法國外交人士對三國會談經過表示滿意。彼等暗示謂，會談僅為探討性質，又謂各項問題之討論，將於下星期開始。美方撤退佔領軍之建議，已再度被否認，但外交人士謂，此交不表示西方各國將在會談之初，即將提出積極性之具體建議。 〔法國新聞社倫敦十四日電〕英權威方面今日否認此間「晚星報」所載之消息，謂外次寇爾貝屈列克前往巴黎參加對德預備會議時，曾携有解決德國問題之詳細計劃。晚報又謂，此項計劃乃外長貝文擬就者。消息靈通人士稱，寇爾貝屈列克對三國預備會議，并未獲得任何硬性之指示。外相貝文日後前往巴黎時，亦不致具有堅定之計劃。若干方面謂，貝文上週在德國時，曾發表德國各政治領袖之意見，據稱，此次政治領袖要求西方佔領軍在波恩制憲議會所建立之新政府能應付任何由武力支持之政治示威前，不撤出德國。 〔法國新聞社巴黎十五日電〕巴黎奧國公使館之發言人對奧外長格魯勃昨日與英美法三國代表會談之結果，表示滿意，謂「西方各國對奧國代表所提之意見，甚能瞭解」。按格魯勃在昨日之會談中，曾請求西方各國代表將對奧和約問題包括於外長會議之議程內。彼於今晚離此前往維也納，但將在外長會議召開時返此。 〔法國新聞社巴黎十四日電〕美國新任駐法大使勃魯斯今日自華盛頓飛抵此間。大使告記者稱，彼不知是否將為四國外長會議中美代表團之一員。,5_plain_merge
constitutional,33498,xianfa,7217,xianfa,14,7_small_index,A2013040226845,SP,申報,1949-05-16,02,,民國38年 日昭和24年,民國38年,日昭和24年,,,,F,,東德選舉 發表政綱,路透社柏林十五日電,德國人民大會於今日起舉行選舉，預定於十六日選舉。全蘇聯區之一千二百萬選民，祇須對候選人名單作是或否之投票。人民大會產生以後，將討論并批準德國人民委員會所起草之憲法。人民大會發表之政網中，要求德國統一，早日締結和約，撤退各國佔領軍，統一德國幣制等。,東德選舉 發表政綱 路透社柏林十五日電 德國人民大會於今日起舉行選舉，預定於十六日選舉。全蘇聯區之一千二百萬選民，祇須對候選人名單作是或否之投票。人民大會產生以後，將討論并批準德國人民委員會所起草之憲法。人民大會發表之政網中，要求德國統一，早日締結和約，撤退各國佔領軍，統一德國幣制等。,5_plain_merge
constitutional,33499,xianfa,7216,xianfa,13,7_small_index,A2013040226870,SP,申報,1949-05-16,02,,民國38年 日昭和24年,民國38年,日昭和24年,,,,F,,美國政黨與政治 尼文斯作 雖然美國的政黨歷史，與美國政府的一般久遠，以地方·州·與全國各代表大會為活動樞紐的黨的全國·州·與地方組織的巨大機構的存在，還是傑克遜總統二度連任時開始的事情,一八二九—三七,。充分發展的黨的活動，特別是兩黨制度，在美國人說起來還不過一百年的歷史。 政黨有健全的作用嗎？華盛頓時代有些主要領袖并不以為然。他們認為黨派只足以引起分裂，并形成意見不合。新的共和國的善良的公民應該棄絕黨派，這種見解起源於一種良好的羅馬精神。這種見解以後見諸於麥考萊的詩：「當時沒有人擁戴一個黨，當時人人都擁戴國家。」華盛頓的被一致擁戴為美國總統，似乎足以證明這種理想。 但是由〔美國第三任總統傑斐遜〕在一個嚴正的文告內描述過的事實，截破了這種烏托邦式的理論。政黨實為表示政見，教育人民，推行施政與批評政府所必要。傑斐遜說過政黨對自由極關重要，他的話很簡單：「要任何自由與有討論的社會裏，按人的本性，一定有反對的派別，激烈的異議與意見不合；而其中之一，一定佔得一個或長或短的時期的優勢。也許這種黨派的分歧，為行施相互監視并為人民詳述他方作為所必要。 美國最初的黨派—聯邦黨員共和黨的分立，猶同大不列顛的兩黨先例，是不可避免的。華盛頓在選擇他第一個內閣時，即承認兩黨。在全國的與貴族的方面，他選擇了漢彌敦當財政部長，諾克斯當陸軍部長，在民主人士中他選擇了傑斐遜當國務卿，倫道夫當檢察長。內閣會議中意見的分歧，也許還不及其國內更為分歧的意見。幾年以後，兩黨都經過正式改組，同時每個美國人都知道他們的鬥爭，勢將決定憲法發展的趨向。聯邦黨與共和黨分別竭力爭取使政府按它們的辦法施政，也同惠格與保守黨設法形成不成文的英國憲法的情形一樣。 這裏有一點原則上的分歧。聯邦黨的主要目的在於使憲法條文能擴大聯邦政府的權力。傑斐遜黨的主要目的是使憲法足以限制聯邦政府，而增大地方權力。兩種對抗的思想發生着對面的衝突，可是一開始，就有三個因素，減弱了政黨的激烈性。 它們是什麼呢？〔一〕原則本身是演繹以保留與修正的有節制的美質，并聽受為權宜之計而發生的驟然變化。因此傑斐遜一旦當權，的確將聯邦政府作了比亞丹斯作過的更廣泛的使用，例如路易斯安那區的購買〔一八〇三年由法國購得由墨西哥灣至加拿大邊境的土地，該區以後成立美國中部十四個州〕，而其時那位良好的民主黨人傑克遜〔Jackson〕正證明是強大的聯邦政府的堅決倡導者。〔二〕同黨都注意地着所有各種輔助性的問題，例如關稅，內政改革與外交政策等，當他們如此注意時，兩黨都向經常流動的團體呼籲。〔三〕每一黨都具有聽求公眾感情的健全的聲譽，因而大多數人無法濫用權力，而少數服從多數，都具有緘默的了解，即不會有濫用權力的事情發生的。,美國政黨與政治 尼文斯作 雖然美國的政黨歷史，與美國政府的一般久遠，以地方·州·與全國各代表大會為活動樞紐的黨的全國·州·與地方組織的巨大機構的存在，還是傑克遜總統二度連任時開始的事情 一八二九—三七 。充分發展的黨的活動，特別是兩黨制度，在美國人說起來還不過一百年的歷史。 政黨有健全的作用嗎？華盛頓時代有些主要領袖并不以為然。他們認為黨派只足以引起分裂，并形成意見不合。新的共和國的善良的公民應該棄絕黨派，這種見解起源於一種良好的羅馬精神。這種見解以後見諸於麥考萊的詩：「當時沒有人擁戴一個黨，當時人人都擁戴國家。」華盛頓的被一致擁戴為美國總統，似乎足以證明這種理想。 但是由〔美國第三任總統傑斐遜〕在一個嚴正的文告內描述過的事實，截破了這種烏托邦式的理論。政黨實為表示政見，教育人民，推行施政與批評政府所必要。傑斐遜說過政黨對自由極關重要，他的話很簡單：「要任何自由與有討論的社會裏，按人的本性，一定有反對的派別，激烈的異議與意見不合；而其中之一，一定佔得一個或長或短的時期的優勢。也許這種黨派的分歧，為行施相互監視并為人民詳述他方作為所必要。 美國最初的黨派—聯邦黨員共和黨的分立，猶同大不列顛的兩黨先例，是不可避免的。華盛頓在選擇他第一個內閣時，即承認兩黨。在全國的與貴族的方面，他選擇了漢彌敦當財政部長，諾克斯當陸軍部長，在民主人士中他選擇了傑斐遜當國務卿，倫道夫當檢察長。內閣會議中意見的分歧，也許還不及其國內更為分歧的意見。幾年以後，兩黨都經過正式改組，同時每個美國人都知道他們的鬥爭，勢將決定憲法發展的趨向。聯邦黨與共和黨分別竭力爭取使政府按它們的辦法施政，也同惠格與保守黨設法形成不成文的英國憲法的情形一樣。 這裏有一點原則上的分歧。聯邦黨的主要目的在於使憲法條文能擴大聯邦政府的權力。傑斐遜黨的主要目的是使憲法足以限制聯邦政府，而增大地方權力。兩種對抗的思想發生着對面的衝突，可是一開始，就有三個因素，減弱了政黨的激烈性。 它們是什麼呢？〔一〕原則本身是演繹以保留與修正的有節制的美質，并聽受為權宜之計而發生的驟然變化。因此傑斐遜一旦當權，的確將聯邦政府作了比亞丹斯作過的更廣泛的使用，例如路易斯安那區的購買〔一八〇三年由法國購得由墨西哥灣至加拿大邊境的土地，該區以後成立美國中部十四個州〕，而其時那位良好的民主黨人傑克遜〔Jackson〕正證明是強大的聯邦政府的堅決倡導者。〔二〕同黨都注意地着所有各種輔助性的問題，例如關稅，內政改革與外交政策等，當他們如此注意時，兩黨都向經常流動的團體呼籲。〔三〕每一黨都具有聽求公眾感情的健全的聲譽，因而大多數人無法濫用權力，而少數服從多數，都具有緘默的了解，即不會有濫用權力的事情發生的。,5_plain_merge
constitutional,33500,xianfa;zhixian,7215;35764,xianfa,12,7_small_index,A2013040226940,SP,申報,1949-05-17,02,,民國38年 日昭和24年,民國38年,日昭和24年,,,,F,,東德舉行普選 要求撤佔領軍統一德國為口號 蘇擬藉此加強在外長會中地位,聯合社柏林十五日電,東德共黨領袖今日呼召人民於十五及十六兩日投票，造成所謂德國人民大會。東德一千八百萬人民中，至少有一千萬人將投造成票。東德人民大會提議訂立最後和約，迅速撤退全部佔領軍及德國全境統一，頗能迎合德國國家主義。 〔合眾社柏林十五日電〕蘇聯佔區內德國人民十五日在蘇方控制下進行普選，其目的顯在加強蘇聯在巴黎四強外長會議中討價還價的地位。選民僅能就官方決定的「人民議會」一千五百廿五名共黨及親蘇候選人名單，投贊成票或反對票，並無其他相對的候選人。「人民議會」將批準德共草擬的憲法。西方政治觀察家認為蘇外長維辛斯基顯將在四強會議中，主張「人民議會」及其批準的憲法，代表全德國的真正民意，而指斥波恩制憲會議批準的憲法，係由西方帝國主義者指示者」。反共人士指斥此次選舉為「希特勒式」的選舉，並頓促每一東德選民「如果為個人安全而必須投票時」，絕對投反對票。雖然西德禁止此項選舉，但共黨聯合陣線仍提名五千人為西德三佔區及柏林西區的候選人，而列名候選人名單。共黨宣傳機構號召德人投「贊成票，使你們的聲音傳到巴黎去。」,東德舉行普選 要求撤佔領軍統一德國為口號 蘇擬藉此加強在外長會中地位 聯合社柏林十五日電 東德共黨領袖今日呼召人民於十五及十六兩日投票，造成所謂德國人民大會。東德一千八百萬人民中，至少有一千萬人將投造成票。東德人民大會提議訂立最後和約，迅速撤退全部佔領軍及德國全境統一，頗能迎合德國國家主義。 〔合眾社柏林十五日電〕蘇聯佔區內德國人民十五日在蘇方控制下進行普選，其目的顯在加強蘇聯在巴黎四強外長會議中討價還價的地位。選民僅能就官方決定的「人民議會」一千五百廿五名共黨及親蘇候選人名單，投贊成票或反對票，並無其他相對的候選人。「人民議會」將批準德共草擬的憲法。西方政治觀察家認為蘇外長維辛斯基顯將在四強會議中，主張「人民議會」及其批準的憲法，代表全德國的真正民意，而指斥波恩制憲會議批準的憲法，係由西方帝國主義者指示者」。反共人士指斥此次選舉為「希特勒式」的選舉，並頓促每一東德選民「如果為個人安全而必須投票時」，絕對投反對票。雖然西德禁止此項選舉，但共黨聯合陣線仍提名五千人為西德三佔區及柏林西區的候選人，而列名候選人名單。共黨宣傳機構號召德人投「贊成票，使你們的聲音傳到巴黎去。」,5_plain_merge
constitutional,33501,zhixian,35763,zhixian,6,7_small_index,A2013040227052,SP,申報,1949-05-18,02,,民國38年 日昭和24年,民國38年,日昭和24年,,,,F,,印制憲會批準 共和聯邦宣言 美軍火運印禁令解除,路透社新德里十七日電,印度制憲議會今日以極大多數，議決印度繼續參加英共和聯邦。尼赫魯總理告制憲議會稱，印度之與共和聯邦保持連繋，可使印度在經濟上獲得援助，亦有助於國內秩序之維持。渠並聲明倫敦共和聯邦總理會議之宣言，並不使印度受有約束，如經制憲議會議決，印度可隨時脫離共和聯邦。 〔法國新聞社喀喇基十六日電〕此間權威方面稱，美國已解除停運軍火至印度與巴基斯坦之命令。按此項禁令，乃印巴雙方分裂後開始實行者，至二月前宣告中止。該方面又謂，巴基斯坦已向美國定購若干軍火。,印制憲會批準 共和聯邦宣言 美軍火運印禁令解除 路透社新德里十七日電 印度制憲議會今日以極大多數，議決印度繼續參加英共和聯邦。尼赫魯總理告制憲議會稱，印度之與共和聯邦保持連繋，可使印度在經濟上獲得援助，亦有助於國內秩序之維持。渠並聲明倫敦共和聯邦總理會議之宣言，並不使印度受有約束，如經制憲議會議決，印度可隨時脫離共和聯邦。 〔法國新聞社喀喇基十六日電〕此間權威方面稱，美國已解除停運軍火至印度與巴基斯坦之命令。按此項禁令，乃印巴雙方分裂後開始實行者，至二月前宣告中止。該方面又謂，巴基斯坦已向美國定購若干軍火。,5_plain_merge
constitutional,33502,xianfa,7214,xianfa,11,7_small_index,A2013040227057,SP,申報,1949-05-18,02,,民國38年 日昭和24年,民國38年,日昭和24年,,,,F,,裕仁巡視日南部 為期約歷四星期,法國新聞社東京十七日電,日皇裕仁今晨九時率隨員二十人，離此搭專車至九州，作二十七日之巡行。屆時將檢閱該島之文化工業及社會情形，且訪問各城市，包括曾受原子彈轟炸之名古屋。此間觀察家謂，裕仁自日本之新憲法成立後，卽常出外旅行與新憲法成立後，卽常出外旅行與人民接觸，圖恢復其聲望。但自一九四七年十二月以後，因等待東條等戰犯之判決，曾暫時中止活動。目下此事已成為過去，故彼又可自由出外巡行。按九州向為戰前日本極端愛國份子之活動中心，目下亦為極右與極左份子之集中地。日本各報謂，裕仁出巡時，將親自償付彼與其隨員之川資，一反由各地方政府負擔之向例。,裕仁巡視日南部 為期約歷四星期 法國新聞社東京十七日電 日皇裕仁今晨九時率隨員二十人，離此搭專車至九州，作二十七日之巡行。屆時將檢閱該島之文化工業及社會情形，且訪問各城市，包括曾受原子彈轟炸之名古屋。此間觀察家謂，裕仁自日本之新憲法成立後，卽常出外旅行與新憲法成立後，卽常出外旅行與人民接觸，圖恢復其聲望。但自一九四七年十二月以後，因等待東條等戰犯之判決，曾暫時中止活動。目下此事已成為過去，故彼又可自由出外巡行。按九州向為戰前日本極端愛國份子之活動中心，目下亦為極右與極左份子之集中地。日本各報謂，裕仁出巡時，將親自償付彼與其隨員之川資，一反由各地方政府負擔之向例。,5_plain_merge
constitutional,33503,xianfa,7213,xianfa,10,7_small_index,A2013040227164,SP,申報,1949-05-19,02,,民國38年 日昭和24年,民國38年,日昭和24年,,,,F,,克萊自德返抵華府 深受官方盛大歡迎，并接受橡葉勳章。,美國新聞處華盛頓十七日電,克萊將軍於一生為國服務卓著勛績後，頃已返國退休，渠受到一個英雄的歡迎。克萊係自德國返美。彼任德境美軍長官四年，甫於五月十五日卸職，官方立卽準備予以歡迎并舉行儀式。 此一四星上將自一九一八年前任軍職，於第二次大戰時負責美陸軍供應計劃。渠在德國最傑出之成就厥為創始空軍偉業。在蘇聯實施陸上封鎖，截斷正常陸上供應路綫後，柏林憑籍空運，獲得糧食，燃料，藥品及其他重要必需品至三百廿八日之久。克來常圖擺脫現職，以便息隱，但因政府以其職位重要，未允所請，直至最近始準其辭職。克萊在記者招待會告發問者稱：茍蘇聯再度實施柏林封鎖，則渠將大感驚詫，蓋蘇聯不能不顧及因此所引起之全世界不利的反響也。美國表明其意向，「繼續吾人合作，支持柏林空運，支持歐洲復興，并支援西歐安全公約，此等行動已獲得西歐信任。二年前之緊張狀態今日已不復存在」。克萊將此點歸功於人民對美國愿意支援西方國家復原一事之態度。克萊表示信念：「吾人如在目前或不久之將來撤退吾人之佔領軍，實為不智之舉」。渠力言：佔領軍之撤退必須在歐洲局勢穩定以後方可實行。某一記者請求詳論最近完成之東德投票事，該處一千三百名以上之投票人對於蘇聯所圈定之候選人名單，均投反對票。克萊評稱：「此種投票表示任何極權國家中一種大有勇氣之行動」。關於外傳東德與西德政治家之會議，克萊承認此種會議已舉行數次。渠重述共黨控制之東德人士意圖誘勸西德人士拒絕設立西德政府之建議。但渠又稱：東德人士之失敗顯然由於議會理事所取之行動，該理事會對於西德，投票決定一種完全民主政府程序。當克萊抵達國民機塲由飛機中步下時，由軍人，航空員，水手及海員等組成之儀仗隊全體立正，并鳴炮示敬。國防部長約翰遜趨前與克萊握手歡迎，并表示美國人民對於「一種優良工作成績」之感激。在機塲歡迎之人員，除約翰遜外，尚有全國軍事組織之高級官員。數千私人公民亦熱烈歡迎克萊返國。克萊將軍及其夫人自飛機塲馳赴白宮，當卽由總統與杜魯門夫人予以歡迎。在白宮花園中，杜魯門以勳章贈予五十二歲西點大學出身之將軍，以示對渠「為國家人類出眾服務」之一種激賞，當時閣員國會領袖，軍事顯要與英法大使均在塲贈與克萊之出眾服務章為橡勳章。克萊獲得此種勳章已屬第三次。授勳之文告有言謂「已往，渠在協助武裝吾國軍隊方面曾有出眾成就，其後復因渠應付德國軍政府方面之困難工作而在其已往之成就上加上新的與不可磨滅之功績……德國方面之情形使渠之服務為不可缺少者，直至本年五月十五日始得準其退貨，良以在西德之憲法擬就後，渠之工作已達到一里程碑。渠之任務異常復雜與困難，而此項任務之完成乃國人將永遠引以自傲者。」克萊繼自白宮前往國會大廈，而獲有向參眾兩院發表演說之殊榮。 旁聽走廊內坐無虛隙。此一退休軍事長官步經眾院之長中央通廊，趲講臺前，群眾起立歡呼，克萊作臨時演說。渠告各眾議員稱：德國人民已「堅決致力」種政府之建立，此種政府維持人類個人之尊嚴」。克萊謂四強管制德國之失敗乃「由於吾人發現四國中之一國具有雙重目的」。渠并不隱瞞其所指者卽係蘇聯。據謂二項目的為：〔一〕取得最大額之賠償；〔二〕成立一獨被警察國家所控制或至少剝削之政府。在向參議院演說時，克萊指斥蘇聯曾圖阻撓歐復興并封鎖柏林。并稱，此乃由於蘇聯恐懼美國關於鞏固歐洲自由國家之計劃所致。據云：西歐對蘇聯可能侵略之恐懼心理，已由北大西洋公約之締結而告消散。西文國家兩年來圖與蘇聯合作，成立一全德之民主政府。但「吾人并未獲致共同立塲。吾人之目的未能實現，但在此敗挫中或竟造成吾人最大之勝利。吾人發現自由國家必須獲得支持，以防阻威脅民主生活方式之勢力侵襲」美國展開歐洲復興計劃之時，卽係達到高潮。大西洋公約之簽訂消弭西歐之對於侵略的恐懼心理。克蘋將於十九日前往紐約，接受官方歡迎。然後擬遄返其故居喬治亞州瑪麗他鎭。胡伯納中將繼克萊職，任德境美軍總司令。并將担任美軍事長官，直至美國根據三國對西德協定，指派一文職高級專員為止。,克萊自德返抵華府 深受官方盛大歡迎，并接受橡葉勳章。 美國新聞處華盛頓十七日電 克萊將軍於一生為國服務卓著勛績後，頃已返國退休，渠受到一個英雄的歡迎。克萊係自德國返美。彼任德境美軍長官四年，甫於五月十五日卸職，官方立卽準備予以歡迎并舉行儀式。 此一四星上將自一九一八年前任軍職，於第二次大戰時負責美陸軍供應計劃。渠在德國最傑出之成就厥為創始空軍偉業。在蘇聯實施陸上封鎖，截斷正常陸上供應路綫後，柏林憑籍空運，獲得糧食，燃料，藥品及其他重要必需品至三百廿八日之久。克來常圖擺脫現職，以便息隱，但因政府以其職位重要，未允所請，直至最近始準其辭職。克萊在記者招待會告發問者稱：茍蘇聯再度實施柏林封鎖，則渠將大感驚詫，蓋蘇聯不能不顧及因此所引起之全世界不利的反響也。美國表明其意向，「繼續吾人合作，支持柏林空運，支持歐洲復興，并支援西歐安全公約，此等行動已獲得西歐信任。二年前之緊張狀態今日已不復存在」。克萊將此點歸功於人民對美國愿意支援西方國家復原一事之態度。克萊表示信念：「吾人如在目前或不久之將來撤退吾人之佔領軍，實為不智之舉」。渠力言：佔領軍之撤退必須在歐洲局勢穩定以後方可實行。某一記者請求詳論最近完成之東德投票事，該處一千三百名以上之投票人對於蘇聯所圈定之候選人名單，均投反對票。克萊評稱：「此種投票表示任何極權國家中一種大有勇氣之行動」。關於外傳東德與西德政治家之會議，克萊承認此種會議已舉行數次。渠重述共黨控制之東德人士意圖誘勸西德人士拒絕設立西德政府之建議。但渠又稱：東德人士之失敗顯然由於議會理事所取之行動，該理事會對於西德，投票決定一種完全民主政府程序。當克萊抵達國民機塲由飛機中步下時，由軍人，航空員，水手及海員等組成之儀仗隊全體立正，并鳴炮示敬。國防部長約翰遜趨前與克萊握手歡迎，并表示美國人民對於「一種優良工作成績」之感激。在機塲歡迎之人員，除約翰遜外，尚有全國軍事組織之高級官員。數千私人公民亦熱烈歡迎克萊返國。克萊將軍及其夫人自飛機塲馳赴白宮，當卽由總統與杜魯門夫人予以歡迎。在白宮花園中，杜魯門以勳章贈予五十二歲西點大學出身之將軍，以示對渠「為國家人類出眾服務」之一種激賞，當時閣員國會領袖，軍事顯要與英法大使均在塲贈與克萊之出眾服務章為橡勳章。克萊獲得此種勳章已屬第三次。授勳之文告有言謂「已往，渠在協助武裝吾國軍隊方面曾有出眾成就，其後復因渠應付德國軍政府方面之困難工作而在其已往之成就上加上新的與不可磨滅之功績……德國方面之情形使渠之服務為不可缺少者，直至本年五月十五日始得準其退貨，良以在西德之憲法擬就後，渠之工作已達到一里程碑。渠之任務異常復雜與困難，而此項任務之完成乃國人將永遠引以自傲者。」克萊繼自白宮前往國會大廈，而獲有向參眾兩院發表演說之殊榮。 旁聽走廊內坐無虛隙。此一退休軍事長官步經眾院之長中央通廊，趲講臺前，群眾起立歡呼，克萊作臨時演說。渠告各眾議員稱：德國人民已「堅決致力」種政府之建立，此種政府維持人類個人之尊嚴」。克萊謂四強管制德國之失敗乃「由於吾人發現四國中之一國具有雙重目的」。渠并不隱瞞其所指者卽係蘇聯。據謂二項目的為：〔一〕取得最大額之賠償；〔二〕成立一獨被警察國家所控制或至少剝削之政府。在向參議院演說時，克萊指斥蘇聯曾圖阻撓歐復興并封鎖柏林。并稱，此乃由於蘇聯恐懼美國關於鞏固歐洲自由國家之計劃所致。據云：西歐對蘇聯可能侵略之恐懼心理，已由北大西洋公約之締結而告消散。西文國家兩年來圖與蘇聯合作，成立一全德之民主政府。但「吾人并未獲致共同立塲。吾人之目的未能實現，但在此敗挫中或竟造成吾人最大之勝利。吾人發現自由國家必須獲得支持，以防阻威脅民主生活方式之勢力侵襲」美國展開歐洲復興計劃之時，卽係達到高潮。大西洋公約之簽訂消弭西歐之對於侵略的恐懼心理。克蘋將於十九日前往紐約，接受官方歡迎。然後擬遄返其故居喬治亞州瑪麗他鎭。胡伯納中將繼克萊職，任德境美軍總司令。并將担任美軍事長官，直至美國根據三國對西德協定，指派一文職高級專員為止。,5_plain_merge
constitutional,33504,xianfa,7212,xianfa,9,7_small_index,A2013040227236,SP,申報,1949-05-20,02,,民國38年 日昭和24年,民國38年,日昭和24年,,,,F,,蘇報強調四國善意合作 為和平主要條件 此一合作路徑將由外長會中獲得,路透社莫斯科十九日電,莫斯科新時代週報評稱：諸強國之合作為持久和平主要的條件，而重建此一合作的路徑，現已十分明顯，如欲下屆討論德國問題之外長會議獲得成功，則西方國家，必須放棄其恐嚇武斷的方法。所謂波恩憲法之迅速草成及西德臨時政府之匆遽設立，頗足使人懷疑，須知類似的製造旣成事實的企圖，對其作者決不有何裨益，因為世界人士莫不皆知任何政治或國際問題，決非戰爭所能解決，在下屆外長會中雙方務必出以善意。柏林問題為德國問題完整的一部，雅爾達及波茨坦協定為解決德國問題的基礎。蘇聯始終相信，柏林以及德國問題，須用四國談判的方式始能獲得解決。,蘇報強調四國善意合作 為和平主要條件 此一合作路徑將由外長會中獲得 路透社莫斯科十九日電 莫斯科新時代週報評稱：諸強國之合作為持久和平主要的條件，而重建此一合作的路徑，現已十分明顯，如欲下屆討論德國問題之外長會議獲得成功，則西方國家，必須放棄其恐嚇武斷的方法。所謂波恩憲法之迅速草成及西德臨時政府之匆遽設立，頗足使人懷疑，須知類似的製造旣成事實的企圖，對其作者決不有何裨益，因為世界人士莫不皆知任何政治或國際問題，決非戰爭所能解決，在下屆外長會中雙方務必出以善意。柏林問題為德國問題完整的一部，雅爾達及波茨坦協定為解決德國問題的基礎。蘇聯始終相信，柏林以及德國問題，須用四國談判的方式始能獲得解決。,5_plain_merge
constitutional,33505,xianfa;zhixian,7211;35762,xianfa,8,7_small_index,A2013040227302,SP,申報,1949-05-21,02,,民國38年 日昭和24年,民國38年,日昭和24年,,,,F,,西德選舉法 三強獲致協議,路透社法蘭克福十九日電,此間法官方聲稱：法國政府以不得已的心情，決定批準西德聯邦議會之選舉法後，盟國間已就該選舉法獲致協議。法國政府批準該法之際，曾提出若干保留，聲明制憲議會所保留之若干權限，應於議會解散憲法公布後由邦總理行使。西方三強軍事副督今日在柏林開會，起草致西德邦總理之共同函，以通知此項決議。 〔合眾社慕尼黑二十日電〕巴威略議會頃以一〇一對六四票，九票棄權，拒絕波恩議會所草擬之西德憲法。西德十一聯邦中，四個聯邦議會業已通過波恩憲法。該憲法需要三分之二聯邦之批準。巴威略乃第一個拒絕該憲法之聯邦，惟巴威略議會決定如其他三分之二聯邦通過該憲法，則巴議會亦將予以接受。同時巴威略議會并一致通過一建議，要求美軍政府將德憲法問題交人民投票。,西德選舉法 三強獲致協議 路透社法蘭克福十九日電 此間法官方聲稱：法國政府以不得已的心情，決定批準西德聯邦議會之選舉法後，盟國間已就該選舉法獲致協議。法國政府批準該法之際，曾提出若干保留，聲明制憲議會所保留之若干權限，應於議會解散憲法公布後由邦總理行使。西方三強軍事副督今日在柏林開會，起草致西德邦總理之共同函，以通知此項決議。 〔合眾社慕尼黑二十日電〕巴威略議會頃以一〇一對六四票，九票棄權，拒絕波恩議會所草擬之西德憲法。西德十一聯邦中，四個聯邦議會業已通過波恩憲法。該憲法需要三分之二聯邦之批準。巴威略乃第一個拒絕該憲法之聯邦，惟巴威略議會決定如其他三分之二聯邦通過該憲法，則巴議會亦將予以接受。同時巴威略議會并一致通過一建議，要求美軍政府將德憲法問題交人民投票。,5_plain_merge
constitutional,33506,xianfa,7210,xianfa,7,7_small_index,A2013040227447,SP,申報,1949-05-23,02,,民國38年 日昭和24年,民國38年,日昭和24年,,,,F,,波恩議會憲法 獲必要多數 西德最後一議會已通過,合衆社佛蘭克福廿一日電,西德區十一個議會中最後一個議會—胡登保巴頓議會，廿一日以卅四對十六票通過波恩議會之憲法。該邦議會批准後，波恩憲法業已獲得必要多數。,波恩議會憲法 獲必要多數 西德最後一議會已通過 合衆社佛蘭克福廿一日電 西德區十一個議會中最後一個議會—胡登保巴頓議會，廿一日以卅四對十六票通過波恩議會之憲法。該邦議會批准後，波恩憲法業已獲得必要多數。,5_plain_merge
constitutional,33507,xianzheng;zhixian,25852;35761,xianzheng,1,7_small_index,A2013040227460,SP,申報,1949-05-23,02,,民國38年 日昭和24年,民國38年,日昭和24年,,,,F,,印國大黨通過決議 接受英聯邦會協定,路透社印度聯合省達拉城廿一日電,全印度大黨委員會〔等於國大黨之議會〕今日以極大多數通過決議案，接受倫敦英共和聯邦總理會議所獲之協議，該協定內容規定於印度成為獨立主權共和國後，將繼續參加英共和聯邦。印度並將繼續承認英王為共和聯邦之領袖及諸邦自由結合的標誌，但英王將不再在印度行使任何憲政職權。按印度制憲議會已於本週內批准該項協定。,印國大黨通過決議 接受英聯邦會協定 路透社印度聯合省達拉城廿一日電 全印度大黨委員會〔等於國大黨之議會〕今日以極大多數通過決議案，接受倫敦英共和聯邦總理會議所獲之協議，該協定內容規定於印度成為獨立主權共和國後，將繼續參加英共和聯邦。印度並將繼續承認英王為共和聯邦之領袖及諸邦自由結合的標誌，但英王將不再在印度行使任何憲政職權。按印度制憲議會已於本週內批准該項協定。,5_plain_merge
constitutional,33508,xianfa;zhixian,7208;35760,xianfa,5,7_small_index,A2013040227531,SP,申報,1949-05-24,02,,民國38年 日昭和24年,民國38年,日昭和24年,,,,F,,波恩憲法正式公布實施 西德共和國誕生 政府與國會三個月內舉行選舉,本報訊,倫敦廿三日廣播：波恩訊：德國制憲議會廿三日將新憲法公佈施行，西德聯邦共和國於焉正式誕生。西德聯邦將包括美·英·法佔領區內之各邦，但門戶依然洞開，等待蘇佔區各邦之加入。惟衆料蘇聯佔領狀態存在一天，東德將繼續留於戶外一天。制定憲法之政治家七十人將宣布解散議會。新共和國政府及國會將於今後三個月內舉行選舉。柏林並不包括在新聯邦以內，但得派遣代表列席國會旁聽。非共產黨員八十八人簽署新憲法，儀式簡單隆重。 〔法國新聞社弗蘭克福廿二日電〕波恩制憲議會將於星期一作最後一次會議，正式公佈憲法，規定成立西德聯邦共和國。屆時各地方議會主席及西方三盟國首長皆將出席。德國政界人士對此舉極為重視。彼等強調謂：西德憲法已經巴伐里亞以外之西德區各邦一致通過，且受西德各政黨之一致擁護，僅巴伐里亞之基督教社會黨與共黨為例外，此點可表示西德之團結。,波恩憲法正式公布實施 西德共和國誕生 政府與國會三個月內舉行選舉 倫敦廿三日廣播：波恩訊：德國制憲議會廿三日將新憲法公佈施行，西德聯邦共和國於焉正式誕生。西德聯邦將包括美·英·法佔領區內之各邦，但門戶依然洞開，等待蘇佔區各邦之加入。惟衆料蘇聯佔領狀態存在一天，東德將繼續留於戶外一天。制定憲法之政治家七十人將宣布解散議會。新共和國政府及國會將於今後三個月內舉行選舉。柏林並不包括在新聯邦以內，但得派遣代表列席國會旁聽。非共產黨員八十八人簽署新憲法，儀式簡單隆重。 〔法國新聞社弗蘭克福廿二日電〕波恩制憲議會將於星期一作最後一次會議，正式公佈憲法，規定成立西德聯邦共和國。屆時各地方議會主席及西方三盟國首長皆將出席。德國政界人士對此舉極為重視。彼等強調謂：西德憲法已經巴伐里亞以外之西德區各邦一致通過，且受西德各政黨之一致擁護，僅巴伐里亞之基督教社會黨與共黨為例外，此點可表示西德之團結。,2_drop_benbaoxun
constitutional,33509,xianfa,7209,xianfa,6,7_small_index,A2013040227534,SP,申報,1949-05-24,02,,民國38年 日昭和24年,民國38年,日昭和24年,,,,F,,戴高樂演說 抨擊波恩憲法 認為乃德意志之恢復,法國新聞社巴黎廿二日電,戴高樂將軍今日在法國人民陣綫大會休會時演說，強調法國應恢復足夠之力量，以平衡德國之勢力。戴氏抨擊波恩之西德憲法，認為此乃德意志之恢復，且謂對大西洋公約在未獲輔助之措置前，不應予以批准。戴氏希望法德間能獲諒解。但謂，此種諒解，需有某種條件。而主要之條件，為法國應在法屬北非協助下重行強盛，以平衡新德國之力量，而使兩國間之經濟諒解可能實現。戴氏強調稱：法國應在其資源能力內恢復其經濟財政力量。大會休會時宣佈：該黨之對外政策，國防政策，及對法國同盟政策，皆與法政府不同，且攻擊政府在財政經濟社會各方面之屢次失敗。,戴高樂演說 抨擊波恩憲法 認為乃德意志之恢復 法國新聞社巴黎廿二日電 戴高樂將軍今日在法國人民陣綫大會休會時演說，強調法國應恢復足夠之力量，以平衡德國之勢力。戴氏抨擊波恩之西德憲法，認為此乃德意志之恢復，且謂對大西洋公約在未獲輔助之措置前，不應予以批准。戴氏希望法德間能獲諒解。但謂，此種諒解，需有某種條件。而主要之條件，為法國應在法屬北非協助下重行強盛，以平衡新德國之力量，而使兩國間之經濟諒解可能實現。戴氏強調稱：法國應在其資源能力內恢復其經濟財政力量。大會休會時宣佈：該黨之對外政策，國防政策，及對法國同盟政策，皆與法政府不同，且攻擊政府在財政經濟社會各方面之屢次失敗。,5_plain_merge
constitutional,33510,xianfa;zhixian,7207;35759,xianfa,4,7_small_index,A2013040227626,SP,申報,1949-05-25,01,,民國38年 日昭和24年,民國38年,日昭和24年,,,,F,,德共和國再生 波恩城懸旗誌慶,路透社波恩城廿三日電,西德制憲議會已於今日正式公布德國聯邦共和國之憲法，其時正為四強外長會在巴黎揭幕之時。當各議員除兩共黨議員外一一簽名畢，乃一齊起立高唱德國國歌，有興奮至於淚下者。議長阿諾爾表示此一憲法之成立，為德國民族史新時代的開始。並曰：曾在一九三三年以至一九四三年德國消失過程中生存之人，今日重睹德國之再生，誠不禁興奮。波恩全市今日均懸掛黑紅金黃三色之前德國威瑪共和國國旗，郵局亦特出紀念郵票。憲法內容將在新共和國第一期官報中刊載。,德共和國再生 波恩城懸旗誌慶 路透社波恩城廿三日電 西德制憲議會已於今日正式公布德國聯邦共和國之憲法，其時正為四強外長會在巴黎揭幕之時。當各議員除兩共黨議員外一一簽名畢，乃一齊起立高唱德國國歌，有興奮至於淚下者。議長阿諾爾表示此一憲法之成立，為德國民族史新時代的開始。並曰：曾在一九三三年以至一九四三年德國消失過程中生存之人，今日重睹德國之再生，誠不禁興奮。波恩全市今日均懸掛黑紅金黃三色之前德國威瑪共和國國旗，郵局亦特出紀念郵票。憲法內容將在新共和國第一期官報中刊載。,5_plain_merge
constitutional,33511,xianfa,7206,xianfa,3,7_small_index,A2013040227629,SP,申報,1949-05-25,01,,民國38年 日昭和24年,民國38年,日昭和24年,,,,F,,關於德國未來問題 蘇聯將實行攤牌 維辛斯基在外長會中發表演說,本報訊,巴黎廿四日廣播：四強外長會議第二次會議於廿四日下午二時三十分〔世界標準時間〕在玫瑰大理石宮舉行。 美駐德副軍事總督胡勃納由德抵此，隨同艾契遜出席本日會議，預料維辛斯基對於有關德國問題之蘇聯新政策將實行攤牌。西方列強擬在二次會議中給予維氏機會，以說明其對於德國未來問題究竟作何打算。 〔合衆社巴黎廿四日電〕四強外長會議將於今日下午二時卅分格林威治時間，〔上海時間下午十一時卅分〕進入最緊要階段。四國外長在同意議程以後，卽將着手處理議程第一項：德國政治經濟統一問題，並包括盟國佔領諸問題。西方外長等待維辛斯基關於此一問題的開幕演說，俾使渠等獲得概念，卽蘇聯是否將利用此次會議繼續其宣傳攻勢，抑的確準備談判。維辛斯基的演說，將使其有機會透露蘇聯的要求，據一般揣測，此等要求將為：〔一〕一切駐德佔領軍及早撤退。〔東歐國家在華沙會議時卽有此建議〕。〔二〕西方國家計劃。〔按西德憲法業在廿三日被批准，西德國的建立已不啻為旣成事實，雖然政府及議會均將遲至七月間選舉成立〕。〔三〕西方國家放鬆渠等對東德貿易的限制。〔許多人都認為此卽促使蘇聯解除柏林封鎖的主因〕。西方國家在德國未成為和平的民主國家，及其他歐洲國家免於侵略的安全未獲保障前，對任何及早結束佔領的計劃，必然將予拒絕。西方外長對維辛斯基關於日本的建議，則並不重視。,關於德國未來問題 蘇聯將實行攤牌 維辛斯基在外長會中發表演說 巴黎廿四日廣播：四強外長會議第二次會議於廿四日下午二時三十分〔世界標準時間〕在玫瑰大理石宮舉行。 美駐德副軍事總督胡勃納由德抵此，隨同艾契遜出席本日會議，預料維辛斯基對於有關德國問題之蘇聯新政策將實行攤牌。西方列強擬在二次會議中給予維氏機會，以說明其對於德國未來問題究竟作何打算。 〔合衆社巴黎廿四日電〕四強外長會議將於今日下午二時卅分格林威治時間，〔上海時間下午十一時卅分〕進入最緊要階段。四國外長在同意議程以後，卽將着手處理議程第一項：德國政治經濟統一問題，並包括盟國佔領諸問題。西方外長等待維辛斯基關於此一問題的開幕演說，俾使渠等獲得概念，卽蘇聯是否將利用此次會議繼續其宣傳攻勢，抑的確準備談判。維辛斯基的演說，將使其有機會透露蘇聯的要求，據一般揣測，此等要求將為：〔一〕一切駐德佔領軍及早撤退。〔東歐國家在華沙會議時卽有此建議〕。〔二〕西方國家計劃。〔按西德憲法業在廿三日被批准，西德國的建立已不啻為旣成事實，雖然政府及議會均將遲至七月間選舉成立〕。〔三〕西方國家放鬆渠等對東德貿易的限制。〔許多人都認為此卽促使蘇聯解除柏林封鎖的主因〕。西方國家在德國未成為和平的民主國家，及其他歐洲國家免於侵略的安全未獲保障前，對任何及早結束佔領的計劃，必然將予拒絕。西方外長對維辛斯基關於日本的建議，則並不重視。,2_drop_benbaoxun
constitutional,33512,xianfa;zhixian,7204;35758,xianfa,1,7_small_index,A2013040227679,SP,申報,1949-05-26,02,,民國38年 日昭和24年,民國38年,日昭和24年,,中華蘇維埃共和國?共產神話下的理想國/新華社,,F,,波恩憲法分裂德國 德共產黨代表拒絕簽字,新華社北平廿五日電,美英法集團一手製造的分裂主義的「憲法」，已於廿三日在波恩製憲議會的末次會議上宣佈生效。 各左翼黨國，包括基督敎社會黨聯盟，德意志黨，和許多以前反對波恩「憲法」的議員，在美英指使下，已在彼恩﹁憲法」上簽字，但西德共產黨代表曾曼和倫奈均拒絕簽字。 倫奈宣稱，「我決不為分裂德國而簽字，」製憲識會在波恩「憲法」經西德各州州長簽字宣佈生效後已行解散。西德製憲議會是去年由美英法三國佔領當局根據去年六月第一次倫敦六國〔包括美英法荷比盧〕會議組成的，包括各方政治領袖六十五人，絕大部分為反動份子，其目的就在制定一部分裂德國·肢解德國·並淪德國為美國殖民地的「憲法」。波恩「憲法」的特點是規定西德為「聯邦共和國」，把主要的權力賦與分裂的各州，中央政府則僅有次要的職權，以便於美國的統治。波恩「憲法」具有顯然出買德國主權的條文，規定可以放棄某些主權，以參加歐洲合眾國及其他國際組織。波恩「憲法」也毫不掩飾其法西斯的本質，規定政府得宜佈所謂攻擊「民主自由」的政黨為非法，實際上保證了反動政府鎮壓人民的自由。此外波恩「憲法」規定西德議會為兩院制，上院議員由各州政府選派，下院議員由選舉產生，共四百人，任期四年。總統由兩院聯席會議選舉，總理由下院選舉。,波恩憲法分裂德國 德共產黨代表拒絕簽字 新華社北平廿五日電 美英法集團一手製造的分裂主義的「憲法」，已於廿三日在波恩製憲議會的末次會議上宣佈生效。 各左翼黨國，包括基督敎社會黨聯盟，德意志黨，和許多以前反對波恩「憲法」的議員，在美英指使下，已在彼恩﹁憲法」上簽字，但西德共產黨代表曾曼和倫奈均拒絕簽字。 倫奈宣稱，「我決不為分裂德國而簽字，」製憲識會在波恩「憲法」經西德各州州長簽字宣佈生效後已行解散。西德製憲議會是去年由美英法三國佔領當局根據去年六月第一次倫敦六國〔包括美英法荷比盧〕會議組成的，包括各方政治領袖六十五人，絕大部分為反動份子，其目的就在制定一部分裂德國·肢解德國·並淪德國為美國殖民地的「憲法」。波恩「憲法」的特點是規定西德為「聯邦共和國」，把主要的權力賦與分裂的各州，中央政府則僅有次要的職權，以便於美國的統治。波恩「憲法」具有顯然出買德國主權的條文，規定可以放棄某些主權，以參加歐洲合眾國及其他國際組織。波恩「憲法」也毫不掩飾其法西斯的本質，規定政府得宜佈所謂攻擊「民主自由」的政黨為非法，實際上保證了反動政府鎮壓人民的自由。此外波恩「憲法」規定西德議會為兩院制，上院議員由各州政府選派，下院議員由選舉產生，共四百人，任期四年。總統由兩院聯席會議選舉，總理由下院選舉。,5_plain_merge
constitutional,33513,xianfa,7205,xianfa,2,7_small_index,A2013040227681,SP,申報,1949-05-26,02,,民國38年 日昭和24年,民國38年,日昭和24年,,,,F,,美助日本 充實警力,聯合社華盛頓廿四日電,國務院新聞處長懷德今日聲明稱，主管當局正在研究計劃使日本得備有更充分之警力，惟絕無意准其重建任何國際兵力。盡人皆知日本現有警察不足以維持國內治安。外間報載美國官員正在積極研究重建日本國防部隊，此與日本戰後憲法及遠東委員會所決定之政策抵觸。國務院即發表上項聲明加以否認。,美助日本 充實警力 聯合社華盛頓廿四日電 國務院新聞處長懷德今日聲明稱，主管當局正在研究計劃使日本得備有更充分之警力，惟絕無意准其重建任何國際兵力。盡人皆知日本現有警察不足以維持國內治安。外間報載美國官員正在積極研究重建日本國防部隊，此與日本戰後憲法及遠東委員會所決定之政策抵觸。國務院即發表上項聲明加以否認。,5_plain_merge
